award_id,recipient,awarding_agency,sub_agency,start_year,obligated_amount,total_award_value,award_description,project_class,fabrication_inclusive,scope_confidence,grant_program,source_url,notes
IGSM-245233-OMS-20,Westmoreland Sanctuary Nature Center and Museum,Institute of Museum and Library Services,Office of Museum Services,2020,15000,,"Inspire! Grants for Small Museums (Mount Kisco, NY)",single_interactive,unknown,low,Inspire! Grants for Small Museums,https://www.imls.gov/grants/awarded-grants?fulltext_search=IGSM-245233-OMS-20,matched via: inspire_interactive
IGSM-245251-OMS-20,"Massachusetts Audubon Society (Museum of American Bird Art, Mass Audubon)",Institute of Museum and Library Services,Office of Museum Services,2020,47659,,"Inspire! Grants for Small Museums (Lincoln, MA)",single_interactive,unknown,low,Inspire! Grants for Small Museums,https://www.imls.gov/grants/awarded-grants?fulltext_search=IGSM-245251-OMS-20,matched via: inspire_interactive
IGSM-245335-OMS-20,Virginia Air and Space Center,Institute of Museum and Library Services,Office of Museum Services,2020,35000,,"Inspire! Grants for Small Museums (Hampton, VA)",single_interactive,unknown,low,Inspire! Grants for Small Museums,https://www.imls.gov/grants/awarded-grants?fulltext_search=IGSM-245335-OMS-20,matched via: inspire_interactive
IGSM-245515-OMS-20,Bisbee Science Lab,Institute of Museum and Library Services,Office of Museum Services,2020,45936,,"Inspire! Grants for Small Museums (Bisbee, AZ)",single_interactive,unknown,low,Inspire! Grants for Small Museums,https://www.imls.gov/grants/awarded-grants?fulltext_search=IGSM-245515-OMS-20,matched via: inspire_interactive
IGSM-245609-OMS-20,Ava Gardner Museum,Institute of Museum and Library Services,Office of Museum Services,2020,50000,,"Inspire! Grants for Small Museums (Smithfield, NC)",single_interactive,unknown,low,Inspire! Grants for Small Museums,https://www.imls.gov/grants/awarded-grants?fulltext_search=IGSM-245609-OMS-20,matched via: inspire_interactive
IGSM-245743-OMS-20,Whaling Museum,Institute of Museum and Library Services,Office of Museum Services,2020,50000,,"Inspire! Grants for Small Museums (Cold Spring Harbor, NY)",multi_station,y,med,Inspire! Grants for Small Museums,https://www.imls.gov/grants/awarded-grants?fulltext_search=IGSM-245743-OMS-20,matched via: inspire_exhibit_fab
IGSM-249196-OMS-21,Iroquois Museum,Institute of Museum and Library Services,Office of Museum Services,2021,31000,,"Inspire! Grants for Small Museums (Howes Cave, NY)",single_interactive,unknown,low,Inspire! Grants for Small Museums,https://www.imls.gov/grants/awarded-grants?fulltext_search=IGSM-249196-OMS-21,matched via: inspire_interactive
IGSM-249280-OMS-21,Dungeness River Audubon Center,Institute of Museum and Library Services,Office of Museum Services,2021,50000,,"Inspire! Grants for Small Museums (Sequim, WA)",multi_station,y,med,Inspire! Grants for Small Museums,https://www.imls.gov/grants/awarded-grants?fulltext_search=IGSM-249280-OMS-21,matched via: inspire_exhibit_fab
IGSM-249531-OMS-21,Museum of North Idaho,Institute of Museum and Library Services,Office of Museum Services,2021,50000,,"Inspire! Grants for Small Museums (Coeur d'Alene, ID)",multi_station,y,med,Inspire! Grants for Small Museums,https://www.imls.gov/grants/awarded-grants?fulltext_search=IGSM-249531-OMS-21,matched via: inspire_exhibit_fab
IGSM-249883-OMS-21,Feiro Marine Life Center,Institute of Museum and Library Services,Office of Museum Services,2021,48962,,"Inspire! Grants for Small Museums (Port Angeles, WA)",single_interactive,unknown,low,Inspire! Grants for Small Museums,https://www.imls.gov/grants/awarded-grants?fulltext_search=IGSM-249883-OMS-21,matched via: inspire_interactive
IGSM-251489-OMS-22,History Fort Lauderdale,Institute of Museum and Library Services,Office of Museum Services,2022,47000,,"Inspire! Grants for Small Museums (Fort Lauderdale, FL)",multi_station,y,med,Inspire! Grants for Small Museums,https://www.imls.gov/grants/awarded-grants?fulltext_search=IGSM-251489-OMS-22,matched via: inspire_exhibit_fab
IGSM-251501-OMS-22,County of Davidson (Davidson County Historical Museum),Institute of Museum and Library Services,Office of Museum Services,2022,49800,,"Inspire! Grants for Small Museums (Lexington, NC)",multi_station,y,med,Inspire! Grants for Small Museums,https://www.imls.gov/grants/awarded-grants?fulltext_search=IGSM-251501-OMS-22,matched via: inspire_exhibit_fab; inspire_interactive
IGSM-251653-OMS-22,Osceola History,Institute of Museum and Library Services,Office of Museum Services,2022,24881,,"Inspire! Grants for Small Museums (Kissimmee, FL)",multi_station,y,med,Inspire! Grants for Small Museums,https://www.imls.gov/grants/awarded-grants?fulltext_search=IGSM-251653-OMS-22,matched via: inspire_exhibit_fab
IGSM-251693-OMS-22,Muncie Children's Museum,Institute of Museum and Library Services,Office of Museum Services,2022,50000,,"Inspire! Grants for Small Museums (Muncie, IN)",multi_station,y,med,Inspire! Grants for Small Museums,https://www.imls.gov/grants/awarded-grants?fulltext_search=IGSM-251693-OMS-22,matched via: inspire_exhibit_fab
IGSM-251798-OMS-22,Longview World of Wonders,Institute of Museum and Library Services,Office of Museum Services,2022,49500,,"Inspire! Grants for Small Museums (Longview, TX)",single_interactive,unknown,low,Inspire! Grants for Small Museums,https://www.imls.gov/grants/awarded-grants?fulltext_search=IGSM-251798-OMS-22,matched via: inspire_interactive
IGSM-251848-OMS-22,"California State University, San Bernardino (CSUSB Anthropology Museum)",Institute of Museum and Library Services,Office of Museum Services,2022,49995,,"Inspire! Grants for Small Museums (San Bernardino, CA)",multi_station,y,med,Inspire! Grants for Small Museums,https://www.imls.gov/grants/awarded-grants?fulltext_search=IGSM-251848-OMS-22,matched via: inspire_exhibit_fab
IGSM-251949-OMS-22,Canton Museum of Art,Institute of Museum and Library Services,Office of Museum Services,2022,50000,,"Inspire! Grants for Small Museums (Canton, OH)",single_interactive,unknown,low,Inspire! Grants for Small Museums,https://www.imls.gov/grants/awarded-grants?fulltext_search=IGSM-251949-OMS-22,matched via: inspire_interactive
IGSM-252824-OMS-23,Laura Ingalls Wilder Historic Home and Museum,Institute of Museum and Library Services,Office of Museum Services,2023,30970,,"Inspire! Grants for Small Museums (Mansfield, MO)",multi_station,y,med,Inspire! Grants for Small Museums,https://www.imls.gov/grants/awarded-grants?fulltext_search=IGSM-252824-OMS-23,matched via: inspire_exhibit_fab
IGSM-252970-OMS-23,Lindsay Wildlife Experience,Institute of Museum and Library Services,Office of Museum Services,2023,50000,,"Inspire! Grants for Small Museums (Walnut Creek, CA)",single_interactive,unknown,low,Inspire! Grants for Small Museums,https://www.imls.gov/grants/awarded-grants?fulltext_search=IGSM-252970-OMS-23,matched via: inspire_interactive
IGSM-253006-OMS-23,Science Zone,Institute of Museum and Library Services,Office of Museum Services,2023,50000,,"Inspire! Grants for Small Museums (Casper, WY)",multi_station,y,med,Inspire! Grants for Small Museums,https://www.imls.gov/grants/awarded-grants?fulltext_search=IGSM-253006-OMS-23,matched via: inspire_exhibit_fab; inspire_interactive
IGSM-253219-OMS-23,Children’s Museum of Brownsville,Institute of Museum and Library Services,Office of Museum Services,2023,50000,,"Inspire! Grants for Small Museums (Brownsville, TX)",multi_station,y,med,Inspire! Grants for Small Museums,https://www.imls.gov/grants/awarded-grants?fulltext_search=IGSM-253219-OMS-23,matched via: inspire_exhibit_fab; inspire_interactive
IGSM-253222-OMS-23,County of Missoula (Historical Museum at Fort Missoula),Institute of Museum and Library Services,Office of Museum Services,2023,50000,,"Inspire! Grants for Small Museums (Missoula, MT)",multi_station,y,med,Inspire! Grants for Small Museums,https://www.imls.gov/grants/awarded-grants?fulltext_search=IGSM-253222-OMS-23,matched via: inspire_exhibit_fab
IGSM-253327-OMS-23,Historic Cherry Hill,Institute of Museum and Library Services,Office of Museum Services,2023,50000,,"Inspire! Grants for Small Museums (Albany, NY)",multi_station,y,med,Inspire! Grants for Small Museums,https://www.imls.gov/grants/awarded-grants?fulltext_search=IGSM-253327-OMS-23,matched via: inspire_exhibit_fab
IGSM-255458-OMS-24,Western Museum of Mining & Industry,Institute of Museum and Library Services,Office of Museum Services,2024,25000,,"Inspire! Grants for Small Museums (Colorado Springs, CO)",single_interactive,unknown,low,Inspire! Grants for Small Museums,https://www.imls.gov/grants/awarded-grants?fulltext_search=IGSM-255458-OMS-24,matched via: inspire_interactive
IGSM-255580-OMS-24,Delaware Agricultural Museum and Village,Institute of Museum and Library Services,Office of Museum Services,2024,75000,,"Inspire! Grants for Small Museums (Dover, DE)",single_interactive,unknown,low,Inspire! Grants for Small Museums,https://www.imls.gov/grants/awarded-grants?fulltext_search=IGSM-255580-OMS-24,matched via: inspire_interactive
IGSM-255676-OMS-24,Tomaquag Museum,Institute of Museum and Library Services,Office of Museum Services,2024,34200,,"Inspire! Grants for Small Museums (Exeter, RI)",single_interactive,unknown,low,Inspire! Grants for Small Museums,https://www.imls.gov/grants/awarded-grants?fulltext_search=IGSM-255676-OMS-24,matched via: inspire_interactive
IGSM-255683-OMS-24,Coastal Interpretive Center,Institute of Museum and Library Services,Office of Museum Services,2024,24949,,"Inspire! Grants for Small Museums (Ocean Shores, WA)",single_interactive,unknown,low,Inspire! Grants for Small Museums,https://www.imls.gov/grants/awarded-grants?fulltext_search=IGSM-255683-OMS-24,matched via: inspire_interactive
IGSM-255743-OMS-24,Children's Museum of Green Bay,Institute of Museum and Library Services,Office of Museum Services,2024,25000,,"Inspire! Grants for Small Museums (Green Bay, WI)",single_interactive,unknown,low,Inspire! Grants for Small Museums,https://www.imls.gov/grants/awarded-grants?fulltext_search=IGSM-255743-OMS-24,matched via: inspire_interactive
IGSM-255820-OMS-24,Whaling Museum,Institute of Museum and Library Services,Office of Museum Services,2024,75000,,"Inspire! Grants for Small Museums (Cold Spring Harbor, NY)",multi_station,y,med,Inspire! Grants for Small Museums,https://www.imls.gov/grants/awarded-grants?fulltext_search=IGSM-255820-OMS-24,matched via: inspire_exhibit_fab
IGSM-255828-OMS-24,Great Explorations Children's Museum,Institute of Museum and Library Services,Office of Museum Services,2024,25000,,"Inspire! Grants for Small Museums (St. Petersburg, FL)",multi_station,y,med,Inspire! Grants for Small Museums,https://www.imls.gov/grants/awarded-grants?fulltext_search=IGSM-255828-OMS-24,matched via: inspire_exhibit_fab; inspire_interactive
IGSM-256230-OMS-24,San Diego Art Institute,Institute of Museum and Library Services,Office of Museum Services,2024,73000,,"Inspire! Grants for Small Museums (San Diego, CA)",single_interactive,unknown,low,Inspire! Grants for Small Museums,https://www.imls.gov/grants/awarded-grants?fulltext_search=IGSM-256230-OMS-24,matched via: inspire_interactive
IGSM-257339-OMS-25,National Society of the Colonial Dames of America in the State of Florida (Ximenez Fatio House Museum),Institute of Museum and Library Services,Office of Museum Services,2025,25000,,"Inspire! Grants for Small Museums (Jacksonville, FL)",other,unknown,low,Inspire! Grants for Small Museums,https://www.imls.gov/grants/awarded-grants?fulltext_search=IGSM-257339-OMS-25,matched via: prog_Inspire__Grants_for_Small_Museums
IGSM-257344-OMS-25,Icon Museum and Study Center,Institute of Museum and Library Services,Office of Museum Services,2025,25000,,"Inspire! Grants for Small Museums (Clinton, MA)",other,unknown,low,Inspire! Grants for Small Museums,https://www.imls.gov/grants/awarded-grants?fulltext_search=IGSM-257344-OMS-25,matched via: prog_Inspire__Grants_for_Small_Museums
IGSM-257417-OMS-25,National First Ladies Library & Museum,Institute of Museum and Library Services,Office of Museum Services,2025,40000,,"Inspire! Grants for Small Museums (Canton, OH)",other,unknown,low,Inspire! Grants for Small Museums,https://www.imls.gov/grants/awarded-grants?fulltext_search=IGSM-257417-OMS-25,matched via: prog_Inspire__Grants_for_Small_Museums
IGSM-257487-OMS-25,Museum of Russian Art,Institute of Museum and Library Services,Office of Museum Services,2025,24191,,"Inspire! Grants for Small Museums (Minneapolis, MN)",other,unknown,low,Inspire! Grants for Small Museums,https://www.imls.gov/grants/awarded-grants?fulltext_search=IGSM-257487-OMS-25,matched via: prog_Inspire__Grants_for_Small_Museums
IGSM-257539-OMS-25,Muncie Children's Museum,Institute of Museum and Library Services,Office of Museum Services,2025,75000,,"Inspire! Grants for Small Museums (Muncie, IN)",multi_station,y,med,Inspire! Grants for Small Museums,https://www.imls.gov/grants/awarded-grants?fulltext_search=IGSM-257539-OMS-25,matched via: inspire_exhibit_fab; prog_Inspire__Grants_for_Small_Museums
IGSM-257640-OMS-25,Department of Energy & Environmental Protection (Fort Trumbull State Park Museum),Institute of Museum and Library Services,Office of Museum Services,2025,40000,,"Inspire! Grants for Small Museums (Hartford, CT)",single_interactive,unknown,low,Inspire! Grants for Small Museums,https://www.imls.gov/grants/awarded-grants?fulltext_search=IGSM-257640-OMS-25,matched via: inspire_interactive
IGSM-257725-OMS-25,Waukesha County Historical Society & Museum,Institute of Museum and Library Services,Office of Museum Services,2025,42135,,"Inspire! Grants for Small Museums (Waukesha, WI)",other,unknown,low,Inspire! Grants for Small Museums,https://www.imls.gov/grants/awarded-grants?fulltext_search=IGSM-257725-OMS-25,matched via: prog_Inspire__Grants_for_Small_Museums
IGSM-257792-OMS-25,Schwenkfelder Library & Heritage Center,Institute of Museum and Library Services,Office of Museum Services,2025,24824,,"Inspire! Grants for Small Museums (Pennsburg, PA)",other,unknown,low,Inspire! Grants for Small Museums,https://www.imls.gov/grants/awarded-grants?fulltext_search=IGSM-257792-OMS-25,matched via: prog_Inspire__Grants_for_Small_Museums
IGSM-257923-OMS-25,Greystone Society (National Iron & Steel Heritage Museum),Institute of Museum and Library Services,Office of Museum Services,2025,20000,,"Inspire! Grants for Small Museums (Coatesville, PA)",other,unknown,low,Inspire! Grants for Small Museums,https://www.imls.gov/grants/awarded-grants?fulltext_search=IGSM-257923-OMS-25,matched via: prog_Inspire__Grants_for_Small_Museums
IGSM-258341-OMS-25,Hispanic Society Museum and Library,Institute of Museum and Library Services,Office of Museum Services,2025,74637,,"Inspire! Grants for Small Museums (New York, NY)",other,unknown,low,Inspire! Grants for Small Museums,https://www.imls.gov/grants/awarded-grants?fulltext_search=IGSM-258341-OMS-25,matched via: prog_Inspire__Grants_for_Small_Museums
IGSM-258473-OMS-25,Mobile Medical Museum,Institute of Museum and Library Services,Office of Museum Services,2025,13080,,"Inspire! Grants for Small Museums (Mobile, AL)",other,unknown,low,Inspire! Grants for Small Museums,https://www.imls.gov/grants/awarded-grants?fulltext_search=IGSM-258473-OMS-25,matched via: prog_Inspire__Grants_for_Small_Museums
MA-01-04-0066-04,Museum of the Big Bend,Institute of Museum and Library Services,Office of Museum Services,2004,50000,,"Museums for America (Alpine, TX)",multi_station,y,med,Museums for America,https://www.imls.gov/grants/awarded-grants?fulltext_search=MA-01-04-0066-04,matched via: mfa_exhibit_fab
MA-01-04-0132-04,Evanston  Historical Society,Institute of Museum and Library Services,Office of Museum Services,2004,85900,,"Museums for America (Evanston, IL)",multi_station,y,med,Museums for America,https://www.imls.gov/grants/awarded-grants?fulltext_search=MA-01-04-0132-04,matched via: mfa_exhibit_fab
MA-01-04-0194-04,"University of South Carolina, Research Foundation",Institute of Museum and Library Services,Office of Museum Services,2004,84695,,"Museums for America (Columbia, SC)",multi_station,y,med,Museums for America,https://www.imls.gov/grants/awarded-grants?fulltext_search=MA-01-04-0194-04,matched via: mfa_exhibit_fab
MA-01-04-0254-04,Smokey Hill Historical Museum,Institute of Museum and Library Services,Office of Museum Services,2004,150000,,"Museums for America (Salina, KS)",multi_station,y,med,Museums for America,https://www.imls.gov/grants/awarded-grants?fulltext_search=MA-01-04-0254-04,matched via: mfa_exhibit_fab
MA-01-04-0368-04,Germantown Historical Society,Institute of Museum and Library Services,Office of Museum Services,2004,39795,,"Museums for America (Philadelphia, PA)",multi_station,y,med,Museums for America,https://www.imls.gov/grants/awarded-grants?fulltext_search=MA-01-04-0368-04,matched via: mfa_exhibit_fab
MA-01-04-0723-04,Kidscommons...Columbus' (IN) Community Children's Museum,Institute of Museum and Library Services,Office of Museum Services,2004,93302,,"Museums for America (Columbus, IN)",multi_station,y,med,Museums for America,https://www.imls.gov/grants/awarded-grants?fulltext_search=MA-01-04-0723-04,matched via: mfa_exhibit_fab
MA-01-05-0003-05,California Indian Museum and Cultural Center,Institute of Museum and Library Services,Office of Museum Services,2005,140341,,"Museums for America (Santa Rosa, CA)",multi_station,y,med,Museums for America,https://www.imls.gov/grants/awarded-grants?fulltext_search=MA-01-05-0003-05,matched via: mfa_exhibit_fab
MA-01-05-0010-05,Desert Botanical Garden,Institute of Museum and Library Services,Office of Museum Services,2005,150000,,"Museums for America (Phoenix, AZ)",multi_station,y,med,Museums for America,https://www.imls.gov/grants/awarded-grants?fulltext_search=MA-01-05-0010-05,matched via: mfa_exhibit_fab
MA-01-05-0011-05,City of Longmont (Longmont Museum),Institute of Museum and Library Services,Office of Museum Services,2005,149693,,"Museums for America (Longmont, CO)",multi_station,y,med,Museums for America,https://www.imls.gov/grants/awarded-grants?fulltext_search=MA-01-05-0011-05,matched via: mfa_exhibit_fab
MA-02-04-0041-04,Paine Art Center and Gardens,Institute of Museum and Library Services,Office of Museum Services,2004,73000,,"Museums for America (Oshkosh, WI)",multi_station,y,med,Museums for America,https://www.imls.gov/grants/awarded-grants?fulltext_search=MA-02-04-0041-04,matched via: mfa_exhibit_fab
MA-02-04-0098-04,Kohl Children's Museum,Institute of Museum and Library Services,Office of Museum Services,2004,99995,,"Museums for America (Glenview, IL)",multi_station,y,med,Museums for America,https://www.imls.gov/grants/awarded-grants?fulltext_search=MA-02-04-0098-04,matched via: mfa_exhibit_fab
MA-02-04-0165-04,Schwenkfelder Library & Heritage Center,Institute of Museum and Library Services,Office of Museum Services,2004,15235,,"Museums for America (Pennsburg, PA)",multi_station,y,med,Museums for America,https://www.imls.gov/grants/awarded-grants?fulltext_search=MA-02-04-0165-04,matched via: mfa_exhibit_fab
MA-02-04-0427-04,National Museum of Wildlife Art,Institute of Museum and Library Services,Office of Museum Services,2004,150000,,"Museums for America (Jackson, WY)",multi_station,y,med,Museums for America,https://www.imls.gov/grants/awarded-grants?fulltext_search=MA-02-04-0427-04,matched via: mfa_exhibit_fab
MA-02-04-0810-04,Children's Museum of the Ohio Valley,Institute of Museum and Library Services,Office of Museum Services,2004,24975,,"Museums for America (Wheeling, WV)",multi_station,y,med,Museums for America,https://www.imls.gov/grants/awarded-grants?fulltext_search=MA-02-04-0810-04,matched via: mfa_exhibit_fab
MA-02-05-0087-05,Jewish Historical Society of Maryland,Institute of Museum and Library Services,Office of Museum Services,2005,141500,,"Museums for America (Baltimore, MD)",multi_station,y,med,Museums for America,https://www.imls.gov/grants/awarded-grants?fulltext_search=MA-02-05-0087-05,matched via: mfa_exhibit_fab
MA-03-04-0209-04,Discovery Center of Springfield,Institute of Museum and Library Services,Office of Museum Services,2004,147346,,"Museums for America (Springfield, MO)",multi_station,y,med,Museums for America,https://www.imls.gov/grants/awarded-grants?fulltext_search=MA-03-04-0209-04,matched via: mfa_exhibit_fab
MA-03-04-0276-04,Abington Art Center,Institute of Museum and Library Services,Office of Museum Services,2004,64410,,"Museums for America (Jenkintown, PA)",multi_station,y,med,Museums for America,https://www.imls.gov/grants/awarded-grants?fulltext_search=MA-03-04-0276-04,matched via: mfa_exhibit_fab
MA-04-09-0065-09,Gloucester Maritime Heritage Center,Institute of Museum and Library Services,Office of Museum Services,2009,15450,,"Museums for America (Gloucester, MA)",multi_station,y,med,Museums for America,https://www.imls.gov/grants/awarded-grants?fulltext_search=MA-04-09-0065-09,matched via: mfa_exhibit_fab
MA-04-09-0068-09,Goleta Valley Historical Society,Institute of Museum and Library Services,Office of Museum Services,2009,119643,,"Museums for America (Goleta, CA)",multi_station,y,med,Museums for America,https://www.imls.gov/grants/awarded-grants?fulltext_search=MA-04-09-0068-09,matched via: mfa_exhibit_fab
MA-04-09-0088-09,Great Explorations Children's Museum,Institute of Museum and Library Services,Office of Museum Services,2009,150000,,"Museums for America (St. Petersburg, FL)",multi_station,y,med,Museums for America,https://www.imls.gov/grants/awarded-grants?fulltext_search=MA-04-09-0088-09,matched via: mfa_exhibit_fab
MA-04-09-0176-09,Madison Children's Museum,Institute of Museum and Library Services,Office of Museum Services,2009,150000,,"Museums for America (Madison, WI)",multi_station,y,med,Museums for America,https://www.imls.gov/grants/awarded-grants?fulltext_search=MA-04-09-0176-09,matched via: mfa_exhibit_fab
MA-04-09-0290-09,National Civil War Life Museum,Institute of Museum and Library Services,Office of Museum Services,2009,150000,,"Museums for America (Fredericksburg, VA)",multi_station,y,med,Museums for America,https://www.imls.gov/grants/awarded-grants?fulltext_search=MA-04-09-0290-09,matched via: mfa_exhibit_fab
MA-04-09-0363-09,Science Museums of Wilson,Institute of Museum and Library Services,Office of Museum Services,2009,150000,,"Museums for America (Wilson, NC)",multi_station,y,med,Museums for America,https://www.imls.gov/grants/awarded-grants?fulltext_search=MA-04-09-0363-09,matched via: mfa_exhibit_fab
MA-04-09-0393-09,Stearns History Museum,Institute of Museum and Library Services,Office of Museum Services,2009,70000,,"Museums for America (St. Cloud, MN)",multi_station,y,med,Museums for America,https://www.imls.gov/grants/awarded-grants?fulltext_search=MA-04-09-0393-09,matched via: mfa_exhibit_fab
MA-04-10-0087-10,Weeksville Heritage Center,Institute of Museum and Library Services,Office of Museum Services,2010,142500,,"Museums for America (Brooklyn, NY)",multi_station,y,med,Museums for America,https://www.imls.gov/grants/awarded-grants?fulltext_search=MA-04-10-0087-10,matched via: mfa_exhibit_fab
MA-04-10-0311-10,Japanese American National Museum,Institute of Museum and Library Services,Office of Museum Services,2010,137806,,"Museums for America (Los Angeles, CA)",multi_station,y,med,Museums for America,https://www.imls.gov/grants/awarded-grants?fulltext_search=MA-04-10-0311-10,matched via: mfa_exhibit_fab
MA-04-10-0424-10,Morris County Park Commission (Historic Speedwell),Institute of Museum and Library Services,Office of Museum Services,2010,87360,,"Museums for America (Morristown, NJ)",multi_station,y,med,Museums for America,https://www.imls.gov/grants/awarded-grants?fulltext_search=MA-04-10-0424-10,matched via: mfa_exhibit_fab
MA-04-10-0435-10,Museum of the Aleutians,Institute of Museum and Library Services,Office of Museum Services,2010,138550,,"Museums for America (Unalaska, AK)",multi_station,y,med,Museums for America,https://www.imls.gov/grants/awarded-grants?fulltext_search=MA-04-10-0435-10,matched via: mfa_exhibit_fab
MA-04-10-0456-10,Crook County Historical Society,Institute of Museum and Library Services,Office of Museum Services,2010,75000,,"Museums for America (Prineville, OR)",multi_station,y,med,Museums for America,https://www.imls.gov/grants/awarded-grants?fulltext_search=MA-04-10-0456-10,matched via: mfa_exhibit_fab
MA-04-11-0118-11,Children's Museum of Winston-Salem,Institute of Museum and Library Services,Office of Museum Services,2011,150000,,"Museums for America (Winston Salem, NC)",multi_station,y,med,Museums for America,https://www.imls.gov/grants/awarded-grants?fulltext_search=MA-04-11-0118-11,matched via: mfa_exhibit_fab
MA-04-11-0268-11,New York Transit Museum,Institute of Museum and Library Services,Office of Museum Services,2011,150000,,"Museums for America (Brooklyn, NY)",multi_station,y,med,Museums for America,https://www.imls.gov/grants/awarded-grants?fulltext_search=MA-04-11-0268-11,matched via: mfa_exhibit_fab
MA-04-11-0269-11,Omaha Children's Museurm,Institute of Museum and Library Services,Office of Museum Services,2011,150000,,"Museums for America (Omaha, NE)",multi_station,y,med,Museums for America,https://www.imls.gov/grants/awarded-grants?fulltext_search=MA-04-11-0269-11,matched via: mfa_exhibit_fab
MA-04-11-0450-11,"Museum of Science, Boston",Institute of Museum and Library Services,Office of Museum Services,2011,150000,,"Museums for America (Boston, MA)",multi_station,y,med,Museums for America,https://www.imls.gov/grants/awarded-grants?fulltext_search=MA-04-11-0450-11,matched via: mfa_exhibit_fab
MA-04-12-0077-12,Cleveland Children's Museum,Institute of Museum and Library Services,Office of Museum Services,2012,75000,,"Museums for America (Cleveland, OH)",multi_station,y,med,Museums for America,https://www.imls.gov/grants/awarded-grants?fulltext_search=MA-04-12-0077-12,matched via: mfa_exhibit_fab
MA-04-12-0266-12,County of Linn,Institute of Museum and Library Services,Office of Museum Services,2012,59636,,"Museums for America (Cedar Rapids, IA)",multi_station,y,med,Museums for America,https://www.imls.gov/grants/awarded-grants?fulltext_search=MA-04-12-0266-12,matched via: mfa_exhibit_fab
MA-04-12-0274-12,New-York Historical Society,Institute of Museum and Library Services,Office of Museum Services,2012,150000,,"Museums for America (New York, NY)",multi_station,y,med,Museums for America,https://www.imls.gov/grants/awarded-grants?fulltext_search=MA-04-12-0274-12,matched via: mfa_exhibit_fab
MA-04-12-0279-12,Long Island Children's Museum,Institute of Museum and Library Services,Office of Museum Services,2012,150000,,"Museums for America (Garden City, NY)",multi_station,y,med,Museums for America,https://www.imls.gov/grants/awarded-grants?fulltext_search=MA-04-12-0279-12,matched via: mfa_exhibit_fab
MA-04-12-0328-12,The Strong National Museum of Play,Institute of Museum and Library Services,Office of Museum Services,2012,150000,,"Museums for America (Rochester, NY)",multi_station,y,med,Museums for America,https://www.imls.gov/grants/awarded-grants?fulltext_search=MA-04-12-0328-12,matched via: mfa_exhibit_fab
MA-10-13-0022-13,USS Constellation Museum,Institute of Museum and Library Services,Office of Museum Services,2013,150000,,"Museums for America (Baltimore, MD)",multi_station,y,med,Museums for America,https://www.imls.gov/grants/awarded-grants?fulltext_search=MA-10-13-0022-13,matched via: mfa_exhibit_fab
MA-10-13-0179-13,The Strong National Museum of Play,Institute of Museum and Library Services,Office of Museum Services,2013,149903,,"Museums for America (Rochester, NY)",multi_station,y,med,Museums for America,https://www.imls.gov/grants/awarded-grants?fulltext_search=MA-10-13-0179-13,matched via: mfa_exhibit_fab
MA-10-13-0300-13,Calvert Marine Museum,Institute of Museum and Library Services,Office of Museum Services,2013,142500,,"Museums for America (Solomons, MD)",multi_station,y,med,Museums for America,https://www.imls.gov/grants/awarded-grants?fulltext_search=MA-10-13-0300-13,matched via: mfa_exhibit_fab
MA-10-13-0360-13,DuPage Children's Museum,Institute of Museum and Library Services,Office of Museum Services,2013,149200,,"Museums for America (Naperville, IL)",multi_station,y,med,Museums for America,https://www.imls.gov/grants/awarded-grants?fulltext_search=MA-10-13-0360-13,matched via: mfa_exhibit_fab
MA-10-13-0436-13,New York City Police Museum,Institute of Museum and Library Services,Office of Museum Services,2013,150000,,"Museums for America (New York, NY)",multi_station,y,med,Museums for America,https://www.imls.gov/grants/awarded-grants?fulltext_search=MA-10-13-0436-13,matched via: mfa_exhibit_fab
MA-10-13-0453-13,San Diego Model Railroad Museum,Institute of Museum and Library Services,Office of Museum Services,2013,149911,,"Museums for America (San Diego, CA)",multi_station,y,med,Museums for America,https://www.imls.gov/grants/awarded-grants?fulltext_search=MA-10-13-0453-13,matched via: mfa_exhibit_fab
MA-10-13-0567-13,Port Discovery Children’s Museum,Institute of Museum and Library Services,Office of Museum Services,2013,150000,,"Museums for America (Baltimore, MD)",multi_station,y,med,Museums for America,https://www.imls.gov/grants/awarded-grants?fulltext_search=MA-10-13-0567-13,matched via: mfa_exhibit_fab
MA-10-14-0003-14,"Magic House, St. Louis Children's Museum",Institute of Museum and Library Services,Office of Museum Services,2014,150000,,"Museums for America (Saint Louis, MO)",multi_station,y,med,Museums for America,https://www.imls.gov/grants/awarded-grants?fulltext_search=MA-10-14-0003-14,matched via: mfa_exhibit_fab
MA-10-14-0007-14,The Strong National Museum of Play,Institute of Museum and Library Services,Office of Museum Services,2014,149993,,"Museums for America (Rochester, NY)",multi_station,y,med,Museums for America,https://www.imls.gov/grants/awarded-grants?fulltext_search=MA-10-14-0007-14,matched via: mfa_exhibit_fab
MA-10-14-0155-14,Muncie Children's Museum,Institute of Museum and Library Services,Office of Museum Services,2014,150000,,"Museums for America (Muncie, IN)",multi_station,y,med,Museums for America,https://www.imls.gov/grants/awarded-grants?fulltext_search=MA-10-14-0155-14,matched via: mfa_exhibit_fab
MA-10-14-0186-14,American Museum of the Moving Image,Institute of Museum and Library Services,Office of Museum Services,2014,149674,,"Museums for America (Astoria, NY)",multi_station,y,med,Museums for America,https://www.imls.gov/grants/awarded-grants?fulltext_search=MA-10-14-0186-14,matched via: mfa_exhibit_fab
MA-10-14-0217-14,"Museum of Science, Boston",Institute of Museum and Library Services,Office of Museum Services,2014,150000,,"Museums for America (Boston, MA)",multi_station,y,med,Museums for America,https://www.imls.gov/grants/awarded-grants?fulltext_search=MA-10-14-0217-14,matched via: mfa_exhibit_fab
MA-10-14-0353-14,Bakken,Institute of Museum and Library Services,Office of Museum Services,2014,146000,,"Museums for America (Minneapolis, MN)",multi_station,y,med,Museums for America,https://www.imls.gov/grants/awarded-grants?fulltext_search=MA-10-14-0353-14,matched via: mfa_exhibit_fab
MA-10-14-0455-14,Old Salem Museums & Gardens,Institute of Museum and Library Services,Office of Museum Services,2014,150000,,"Museums for America (Winston-Salem, NC)",multi_station,y,med,Museums for America,https://www.imls.gov/grants/awarded-grants?fulltext_search=MA-10-14-0455-14,matched via: mfa_exhibit_fab
MA-10-15-0086-15,The Strong National Museum of Play,Institute of Museum and Library Services,Office of Museum Services,2015,149993,,"Museums for America (Rochester, NY)",multi_station,y,med,Museums for America,https://www.imls.gov/grants/awarded-grants?fulltext_search=MA-10-15-0086-15,matched via: mfa_exhibit_fab
MA-10-15-0116-15,Thomas Cole Historic House,Institute of Museum and Library Services,Office of Museum Services,2015,150000,,"Museums for America (Catskill, NY)",multi_station,y,med,Museums for America,https://www.imls.gov/grants/awarded-grants?fulltext_search=MA-10-15-0116-15,matched via: mfa_exhibit_fab
MA-10-15-0125-15,ScienceWorks,Institute of Museum and Library Services,Office of Museum Services,2015,146852,,"Museums for America (Winston Salem, NC)",multi_station,y,med,Museums for America,https://www.imls.gov/grants/awarded-grants?fulltext_search=MA-10-15-0125-15,matched via: mfa_exhibit_fab
MA-10-15-0133-15,New York Botanical Garden,Institute of Museum and Library Services,Office of Museum Services,2015,150000,,"Museums for America (Bronx, NY)",multi_station,y,med,Museums for America,https://www.imls.gov/grants/awarded-grants?fulltext_search=MA-10-15-0133-15,matched via: mfa_exhibit_fab
MA-10-15-0153-15,Oregon Museum of Science and Industry,Institute of Museum and Library Services,Office of Museum Services,2015,150000,,"Museums for America (Portland, OR)",multi_station,y,med,Museums for America,https://www.imls.gov/grants/awarded-grants?fulltext_search=MA-10-15-0153-15,matched via: mfa_exhibit_fab
MA-10-15-0224-15,Historical Society of Western Pennsylvania,Institute of Museum and Library Services,Office of Museum Services,2015,126500,,"Museums for America (Pittsburgh, PA)",multi_station,y,med,Museums for America,https://www.imls.gov/grants/awarded-grants?fulltext_search=MA-10-15-0224-15,matched via: mfa_exhibit_fab
MA-10-15-0316-15,Hitchcock Center for the Environment,Institute of Museum and Library Services,Office of Museum Services,2015,148587,,"Museums for America (Amherst, MA)",multi_station,y,med,Museums for America,https://www.imls.gov/grants/awarded-grants?fulltext_search=MA-10-15-0316-15,matched via: mfa_exhibit_fab
MA-10-15-0335-15,Willa Cather Foundation,Institute of Museum and Library Services,Office of Museum Services,2015,111479,,"Museums for America (Red Cloud, NE)",multi_station,y,med,Museums for America,https://www.imls.gov/grants/awarded-grants?fulltext_search=MA-10-15-0335-15,matched via: mfa_exhibit_fab
MA-10-15-0432-15,Yellowstone Art Museum,Institute of Museum and Library Services,Office of Museum Services,2015,105325,,"Museums for America (Billings, MT)",multi_station,y,med,Museums for America,https://www.imls.gov/grants/awarded-grants?fulltext_search=MA-10-15-0432-15,matched via: mfa_exhibit_fab
MA-10-15-0450-15,Abbe Museum,Institute of Museum and Library Services,Office of Museum Services,2015,150000,,"Museums for America (Bar Harbor, ME)",multi_station,y,med,Museums for America,https://www.imls.gov/grants/awarded-grants?fulltext_search=MA-10-15-0450-15,matched via: mfa_exhibit_fab
MA-10-15-0454-15,Adirondack Experience,Institute of Museum and Library Services,Office of Museum Services,2015,150000,,"Museums for America (Blue Mountain Lake, NY)",multi_station,y,med,Museums for America,https://www.imls.gov/grants/awarded-grants?fulltext_search=MA-10-15-0454-15,matched via: mfa_exhibit_fab
MA-10-16-0023-16,Portland Children's Museum,Institute of Museum and Library Services,Office of Museum Services,2016,116267,,"Museums for America (Portland, OR)",multi_station,y,med,Museums for America,https://www.imls.gov/grants/awarded-grants?fulltext_search=MA-10-16-0023-16,matched via: mfa_exhibit_fab
MA-10-16-0158-16,Historic Annapolis Foundation,Institute of Museum and Library Services,Office of Museum Services,2016,150000,,"Museums for America (Annapolis, MD)",multi_station,y,med,Museums for America,https://www.imls.gov/grants/awarded-grants?fulltext_search=MA-10-16-0158-16,matched via: mfa_exhibit_fab
MA-10-16-0454-16,The Strong National Museum of Play,Institute of Museum and Library Services,Office of Museum Services,2016,149994,,"Museums for America (Rochester, NY)",multi_station,y,med,Museums for America,https://www.imls.gov/grants/awarded-grants?fulltext_search=MA-10-16-0454-16,matched via: mfa_exhibit_fab
MA-10-16-0524-16,George Washington University (George Washington University Museum and Textile Museum),Institute of Museum and Library Services,Office of Museum Services,2016,133614,,"Museums for America (Washington, DC)",multi_station,y,med,Museums for America,https://www.imls.gov/grants/awarded-grants?fulltext_search=MA-10-16-0524-16,matched via: mfa_exhibit_fab
MA-10-17-0016-17,WOW! Children's Museum,Institute of Museum and Library Services,Office of Museum Services,2017,33780,,"Museums for America (Lafayette, CO)",multi_station,y,med,Museums for America,https://www.imls.gov/grants/awarded-grants?fulltext_search=MA-10-17-0016-17,matched via: mfa_exhibit_fab
MA-10-17-0111-17,Science Center of Iowa,Institute of Museum and Library Services,Office of Museum Services,2017,161241,,"Museums for America (Des Moines, IA)",multi_station,y,med,Museums for America,https://www.imls.gov/grants/awarded-grants?fulltext_search=MA-10-17-0111-17,matched via: mfa_exhibit_fab
MA-10-17-0167-17,Mystic Aquarium,Institute of Museum and Library Services,Office of Museum Services,2017,150000,,"Museums for America (Mystic, CT)",multi_station,y,med,Museums for America,https://www.imls.gov/grants/awarded-grants?fulltext_search=MA-10-17-0167-17,matched via: mfa_exhibit_fab
MA-10-17-0494-17,Zoo Knoxville,Institute of Museum and Library Services,Office of Museum Services,2017,500000,,"Museums for America (Knoxville, TN)",multi_station,y,med,Museums for America,https://www.imls.gov/grants/awarded-grants?fulltext_search=MA-10-17-0494-17,matched via: mfa_exhibit_fab
MA-10-17-0556-17,Museum of New Mexico Foundation (Museum of Indian Arts and Culture),Institute of Museum and Library Services,Office of Museum Services,2017,99656,,"Museums for America (Santa Fe, NM)",multi_station,y,med,Museums for America,https://www.imls.gov/grants/awarded-grants?fulltext_search=MA-10-17-0556-17,matched via: mfa_exhibit_fab
MA-10-18-0013-18,Boston Children's Museum,Institute of Museum and Library Services,Office of Museum Services,2018,250000,,"Museums for America (Boston, MA)",multi_station,y,med,Museums for America,https://www.imls.gov/grants/awarded-grants?fulltext_search=MA-10-18-0013-18,matched via: mfa_exhibit_fab
MA-10-18-0128-18,Denver Museum of Nature and Science,Institute of Museum and Library Services,Office of Museum Services,2018,249500,,"Museums for America (Denver, CO)",multi_station,y,med,Museums for America,https://www.imls.gov/grants/awarded-grants?fulltext_search=MA-10-18-0128-18,matched via: mfa_exhibit_fab
MA-10-19-0223-19,Natural History Museum of Los Angeles County,Institute of Museum and Library Services,Office of Museum Services,2019,250000,,"Museums for America (Los Angeles, CA)",multi_station,y,med,Museums for America,https://www.imls.gov/grants/awarded-grants?fulltext_search=MA-10-19-0223-19,matched via: mfa_exhibit_fab
MA-10-19-0264-19,Children's Discovery Museum of San Jose,Institute of Museum and Library Services,Office of Museum Services,2019,118347,,"Museums for America (San Jose, CA)",multi_station,y,med,Museums for America,https://www.imls.gov/grants/awarded-grants?fulltext_search=MA-10-19-0264-19,matched via: mfa_exhibit_fab
MA-10-19-0330-19,Mystic Aquarium,Institute of Museum and Library Services,Office of Museum Services,2019,225000,,"Museums for America (Mystic, CT)",multi_station,y,med,Museums for America,https://www.imls.gov/grants/awarded-grants?fulltext_search=MA-10-19-0330-19,matched via: mfa_exhibit_fab
MA-10-19-0373-19,Watkins Museum of History,Institute of Museum and Library Services,Office of Museum Services,2019,144187,,"Museums for America (Lawrence, KS)",multi_station,y,med,Museums for America,https://www.imls.gov/grants/awarded-grants?fulltext_search=MA-10-19-0373-19,matched via: mfa_exhibit_fab
MA-10-19-0488-19,Portland Children's Museum,Institute of Museum and Library Services,Office of Museum Services,2019,250000,,"Museums for America (Portland, OR)",multi_station,y,med,Museums for America,https://www.imls.gov/grants/awarded-grants?fulltext_search=MA-10-19-0488-19,matched via: mfa_exhibit_fab
MA-10-19-0505-19,Kohl Children's Museum,Institute of Museum and Library Services,Office of Museum Services,2019,130255,,"Museums for America (Glenview, IL)",multi_station,y,med,Museums for America,https://www.imls.gov/grants/awarded-grants?fulltext_search=MA-10-19-0505-19,matched via: mfa_exhibit_fab
MA-10-19-0576-19,James Madison's Montpelier,Institute of Museum and Library Services,Office of Museum Services,2019,129049,,"Museums for America (Montpelier Station, VA)",multi_station,y,med,Museums for America,https://www.imls.gov/grants/awarded-grants?fulltext_search=MA-10-19-0576-19,matched via: mfa_exhibit_fab
MA-10-19-0583-19,City of Palo Alto (Palo Alto Junior Museum and Zoo),Institute of Museum and Library Services,Office of Museum Services,2019,250000,,"Museums for America (Palo Alto, CA)",multi_station,y,med,Museums for America,https://www.imls.gov/grants/awarded-grants?fulltext_search=MA-10-19-0583-19,matched via: mfa_exhibit_fab
MA-11-16-0350-16,City of Golden (Golden History Museums),Institute of Museum and Library Services,Office of Museum Services,2016,25000,,"Museums for America (Golden, CO)",multi_station,y,med,Museums for America,https://www.imls.gov/grants/awarded-grants?fulltext_search=MA-11-16-0350-16,matched via: mfa_exhibit_fab
MA-15-19-0011-19,Oregon Jewish Museum and Center for Holocaust Education,Institute of Museum and Library Services,Office of Museum Services,2019,48425,,"Inspire! Grants for Small Museums (Portland, OR)",multi_station,y,med,Inspire! Grants for Small Museums,https://www.imls.gov/grants/awarded-grants?fulltext_search=MA-15-19-0011-19,matched via: inspire_exhibit_fab; inspire_interactive
MA-15-19-0178-19,Save the Bay (Exploration Center and Aquarium),Institute of Museum and Library Services,Office of Museum Services,2019,50000,,"Inspire! Grants for Small Museums (Providence, RI)",multi_station,y,med,Inspire! Grants for Small Museums,https://www.imls.gov/grants/awarded-grants?fulltext_search=MA-15-19-0178-19,matched via: inspire_exhibit_fab
MA-15-19-0193-19,"University of Wisconsin-Madison (Allen Centennial Garden, University of Wisconsin)",Institute of Museum and Library Services,Office of Museum Services,2019,50000,,"Inspire! Grants for Small Museums (Madison, WI)",multi_station,y,med,Inspire! Grants for Small Museums,https://www.imls.gov/grants/awarded-grants?fulltext_search=MA-15-19-0193-19,matched via: inspire_exhibit_fab
MA-20-13-0172-13,Children's Museum of Manhattan,Institute of Museum and Library Services,Office of Museum Services,2013,145970,,"Museums for America (New York, NY)",multi_station,y,med,Museums for America,https://www.imls.gov/grants/awarded-grants?fulltext_search=MA-20-13-0172-13,matched via: mfa_exhibit_fab
MA-20-17-0296-17,Children's Museum of Tacoma,Institute of Museum and Library Services,Office of Museum Services,2017,499994,,"Museums for America (Tacoma, WA)",multi_station,y,med,Museums for America,https://www.imls.gov/grants/awarded-grants?fulltext_search=MA-20-17-0296-17,matched via: mfa_exhibit_fab
MA-245424-OMS-20,The Strong National Museum of Play,Institute of Museum and Library Services,Office of Museum Services,2020,250000,,"Museums for America (Rochester, NY)",multi_station,y,med,Museums for America,https://www.imls.gov/grants/awarded-grants?fulltext_search=MA-245424-OMS-20,matched via: mfa_exhibit_fab
MA-245593-OMS-20,Shaker Village of Pleasant Hill,Institute of Museum and Library Services,Office of Museum Services,2020,130000,,"Museums for America (Harrodsburg, KY)",multi_station,y,med,Museums for America,https://www.imls.gov/grants/awarded-grants?fulltext_search=MA-245593-OMS-20,matched via: mfa_exhibit_fab
MA-245625-OMS-20,Children's Museum of Denver,Institute of Museum and Library Services,Office of Museum Services,2020,250000,,"Museums for America (Denver, CO)",multi_station,y,med,Museums for America,https://www.imls.gov/grants/awarded-grants?fulltext_search=MA-245625-OMS-20,matched via: mfa_exhibit_fab
MA-245629-OMS-20,Creative Discovery Museum,Institute of Museum and Library Services,Office of Museum Services,2020,250000,,"Museums for America (Chattanooga, TN)",multi_station,y,med,Museums for America,https://www.imls.gov/grants/awarded-grants?fulltext_search=MA-245629-OMS-20,matched via: mfa_exhibit_fab
MA-245788-OMS-20,Brooklyn Children's Museum,Institute of Museum and Library Services,Office of Museum Services,2020,249500,,"Museums for America (Brooklyn, NY)",multi_station,y,med,Museums for America,https://www.imls.gov/grants/awarded-grants?fulltext_search=MA-245788-OMS-20,matched via: mfa_exhibit_fab
MA-245796-OMS-20,Arab American National Museum,Institute of Museum and Library Services,Office of Museum Services,2020,172000,,"Museums for America (Dearborn, MI)",multi_station,y,med,Museums for America,https://www.imls.gov/grants/awarded-grants?fulltext_search=MA-245796-OMS-20,matched via: mfa_exhibit_fab
MA-245937-OMS-20,Rochester Museum and Science Center,Institute of Museum and Library Services,Office of Museum Services,2020,192006,,"Museums for America (Rochester, NY)",multi_station,y,med,Museums for America,https://www.imls.gov/grants/awarded-grants?fulltext_search=MA-245937-OMS-20,matched via: mfa_exhibit_fab
MA-249832-OMS-21,DuPage Children's Museum,Institute of Museum and Library Services,Office of Museum Services,2021,247500,,"Museums for America (Naperville, IL)",multi_station,y,med,Museums for America,https://www.imls.gov/grants/awarded-grants?fulltext_search=MA-249832-OMS-21,matched via: mfa_exhibit_fab
MA-251382-OMS-22,North Carolina Department of Cultural Resources (Town Creek Indian Mound),Institute of Museum and Library Services,Office of Museum Services,2022,147439,,"Museums for America (Raleigh, NC)",multi_station,y,med,Museums for America,https://www.imls.gov/grants/awarded-grants?fulltext_search=MA-251382-OMS-22,matched via: mfa_exhibit_fab
MA-251517-OMS-22,DoSeum,Institute of Museum and Library Services,Office of Museum Services,2022,250000,,"Museums for America (San Antonio, TX)",multi_station,y,med,Museums for America,https://www.imls.gov/grants/awarded-grants?fulltext_search=MA-251517-OMS-22,matched via: mfa_exhibit_fab
MA-251577-OMS-22,Worcester Art Museum,Institute of Museum and Library Services,Office of Museum Services,2022,250000,,"Museums for America (Worcester, MA)",multi_station,y,med,Museums for America,https://www.imls.gov/grants/awarded-grants?fulltext_search=MA-251577-OMS-22,matched via: mfa_exhibit_fab
MA-251773-OMS-22,Discovery Museum,Institute of Museum and Library Services,Office of Museum Services,2022,142211,,"Museums for America (Acton, MA)",multi_station,y,med,Museums for America,https://www.imls.gov/grants/awarded-grants?fulltext_search=MA-251773-OMS-22,matched via: mfa_exhibit_fab
MA-251815-OMS-22,Morton Arboretum,Institute of Museum and Library Services,Office of Museum Services,2022,180868,,"Museums for America (Lisle, IL)",multi_station,y,med,Museums for America,https://www.imls.gov/grants/awarded-grants?fulltext_search=MA-251815-OMS-22,matched via: mfa_exhibit_fab
MA-251816-OMS-22,History Museum at the Castle,Institute of Museum and Library Services,Office of Museum Services,2022,150000,,"Museums for America (Appleton, WI)",multi_station,y,med,Museums for America,https://www.imls.gov/grants/awarded-grants?fulltext_search=MA-251816-OMS-22,matched via: mfa_exhibit_fab
MA-251859-OMS-22,Connecticut Science Center,Institute of Museum and Library Services,Office of Museum Services,2022,250000,,"Museums for America (Hartford, CT)",multi_station,y,med,Museums for America,https://www.imls.gov/grants/awarded-grants?fulltext_search=MA-251859-OMS-22,matched via: mfa_exhibit_fab
MA-251924-OMS-22,Discovery Children's Museum,Institute of Museum and Library Services,Office of Museum Services,2022,250000,,"Museums for America (Las Vegas, NV)",multi_station,y,med,Museums for America,https://www.imls.gov/grants/awarded-grants?fulltext_search=MA-251924-OMS-22,matched via: mfa_exhibit_fab
MA-251927-OMS-22,Cincinnati Museum Center,Institute of Museum and Library Services,Office of Museum Services,2022,250000,,"Museums for America (Cincinnati, OH)",multi_station,y,med,Museums for America,https://www.imls.gov/grants/awarded-grants?fulltext_search=MA-251927-OMS-22,matched via: mfa_exhibit_fab
MA-252008-OMS-22,Exploratorium,Institute of Museum and Library Services,Office of Museum Services,2022,249878,,"Museums for America (San Francisco, CA)",multi_station,y,med,Museums for America,https://www.imls.gov/grants/awarded-grants?fulltext_search=MA-252008-OMS-22,matched via: mfa_exhibit_fab
MA-252124-OMS-22,Peralta Hacienda Historical Park,Institute of Museum and Library Services,Office of Museum Services,2022,250000,,"Museums for America (Oakland, CA)",multi_station,y,med,Museums for America,https://www.imls.gov/grants/awarded-grants?fulltext_search=MA-252124-OMS-22,matched via: mfa_exhibit_fab
MA-252958-OMS-23,Long Island Children's Museum,Institute of Museum and Library Services,Office of Museum Services,2023,250000,,"Museums for America (Garden City, NY)",multi_station,y,med,Museums for America,https://www.imls.gov/grants/awarded-grants?fulltext_search=MA-252958-OMS-23,matched via: mfa_exhibit_fab
MA-253057-OMS-23,Discovery Children's Museum,Institute of Museum and Library Services,Office of Museum Services,2023,250000,,"Museums for America (Las Vegas, NV)",multi_station,y,med,Museums for America,https://www.imls.gov/grants/awarded-grants?fulltext_search=MA-253057-OMS-23,matched via: mfa_exhibit_fab
MA-253167-OMS-23,Abraham Lincoln Presidential Library and Museum,Institute of Museum and Library Services,Office of Museum Services,2023,250000,,"Museums for America (Springfield, IL)",multi_station,y,med,Museums for America,https://www.imls.gov/grants/awarded-grants?fulltext_search=MA-253167-OMS-23,matched via: mfa_exhibit_fab
MA-253202-OMS-23,Zoo New England,Institute of Museum and Library Services,Office of Museum Services,2023,167868,,"Museums for America (Boston, MA)",multi_station,y,med,Museums for America,https://www.imls.gov/grants/awarded-grants?fulltext_search=MA-253202-OMS-23,matched via: mfa_exhibit_fab
MA-253295-OMS-23,Memphis Brooks Museum of Art,Institute of Museum and Library Services,Office of Museum Services,2023,250000,,"Museums for America (Memphis, TN)",multi_station,y,med,Museums for America,https://www.imls.gov/grants/awarded-grants?fulltext_search=MA-253295-OMS-23,matched via: mfa_exhibit_fab
MA-253353-OMS-23,Sciencenter,Institute of Museum and Library Services,Office of Museum Services,2023,248429,,"Museums for America (Ithaca, NY)",multi_station,y,med,Museums for America,https://www.imls.gov/grants/awarded-grants?fulltext_search=MA-253353-OMS-23,matched via: mfa_exhibit_fab
MA-253423-OMS-23,Washington State Historical Society,Institute of Museum and Library Services,Office of Museum Services,2023,249500,,"Museums for America (Tacoma, WA)",multi_station,y,med,Museums for America,https://www.imls.gov/grants/awarded-grants?fulltext_search=MA-253423-OMS-23,matched via: mfa_exhibit_fab
MA-253428-OMS-23,Utah Museum of Contemporary Art,Institute of Museum and Library Services,Office of Museum Services,2023,210344,,"Museums for America (Salt Lake City, UT)",multi_station,y,med,Museums for America,https://www.imls.gov/grants/awarded-grants?fulltext_search=MA-253428-OMS-23,matched via: mfa_exhibit_fab
MA-253498-OMS-23,Madison Children's Museum,Institute of Museum and Library Services,Office of Museum Services,2023,250000,,"Museums for America (Madison, WI)",multi_station,y,med,Museums for America,https://www.imls.gov/grants/awarded-grants?fulltext_search=MA-253498-OMS-23,matched via: mfa_exhibit_fab
MA-253527-OMS-23,National Building Museum,Institute of Museum and Library Services,Office of Museum Services,2023,249590,,"Museums for America (Washington, DC)",multi_station,y,med,Museums for America,https://www.imls.gov/grants/awarded-grants?fulltext_search=MA-253527-OMS-23,matched via: mfa_exhibit_fab
MA-255428-OMS-24,Long Island Museum,Institute of Museum and Library Services,Office of Museum Services,2024,134334,,"Museums for America (Stony Brook, NY)",multi_station,y,med,Museums for America,https://www.imls.gov/grants/awarded-grants?fulltext_search=MA-255428-OMS-24,matched via: mfa_exhibit_fab; mfa_exhibit_fabrication
MA-255534-OMS-24,Discovery Children's Museum,Institute of Museum and Library Services,Office of Museum Services,2024,250000,,"Museums for America (Las Vegas, NV)",multi_station,y,med,Museums for America,https://www.imls.gov/grants/awarded-grants?fulltext_search=MA-255534-OMS-24,matched via: mfa_exhibit_fab; mfa_exhibit_fabrication
MA-255568-OMS-24,Baltimore Museum of Industry,Institute of Museum and Library Services,Office of Museum Services,2024,75000,,"Museums for America (Baltimore, MD)",multi_station,y,med,Museums for America,https://www.imls.gov/grants/awarded-grants?fulltext_search=MA-255568-OMS-24,matched via: mfa_exhibit_fab; mfa_exhibit_fabrication
MA-255598-OMS-24,Springfield Museums,Institute of Museum and Library Services,Office of Museum Services,2024,250000,,"Museums for America (Springfield, MA)",multi_station,y,med,Museums for America,https://www.imls.gov/grants/awarded-grants?fulltext_search=MA-255598-OMS-24,matched via: mfa_exhibit_fab; mfa_exhibit_fabrication
MA-255624-OMS-24,Marbles Kids Museum,Institute of Museum and Library Services,Office of Museum Services,2024,244906,,"Museums for America (Raleigh, NC)",multi_station,y,med,Museums for America,https://www.imls.gov/grants/awarded-grants?fulltext_search=MA-255624-OMS-24,matched via: mfa_exhibit_fab; mfa_exhibit_fabrication
MA-255836-OMS-24,Children's Museum of Indianapolis,Institute of Museum and Library Services,Office of Museum Services,2024,250000,,"Museums for America (Indianapolis, IN)",multi_station,y,med,Museums for America,https://www.imls.gov/grants/awarded-grants?fulltext_search=MA-255836-OMS-24,matched via: mfa_exhibit_fab; mfa_exhibit_fabrication
MA-256058-OMS-24,Willa Cather Foundation,Institute of Museum and Library Services,Office of Museum Services,2024,250000,,"Museums for America (Red Cloud, NE)",multi_station,y,med,Museums for America,https://www.imls.gov/grants/awarded-grants?fulltext_search=MA-256058-OMS-24,matched via: mfa_exhibit_fab; mfa_exhibit_fabrication
MA-256297-OMS-24,Exploratorium,Institute of Museum and Library Services,Office of Museum Services,2024,239389,,"Museums for America (San Francisco, CA)",multi_station,y,med,Museums for America,https://www.imls.gov/grants/awarded-grants?fulltext_search=MA-256297-OMS-24,matched via: mfa_exhibit_fab; mfa_exhibit_fabrication
MA-257371-OMS-25,Florida Holocaust Museum,Institute of Museum and Library Services,Office of Museum Services,2025,750000,,"Museums for America (Saint Petersburg, FL)",single_interactive,unknown,low,Museums for America,https://www.imls.gov/grants/awarded-grants?fulltext_search=MA-257371-OMS-25,matched via: mfa_interactive_exhibit
MA-257480-OMS-25,Atlanta Botanical Garden,Institute of Museum and Library Services,Office of Museum Services,2025,249024,,"Museums for America (Atlanta, GA)",single_interactive,unknown,low,Museums for America,https://www.imls.gov/grants/awarded-grants?fulltext_search=MA-257480-OMS-25,matched via: mfa_interactive_exhibit; prog_Museums_for_America
MA-257514-OMS-25,Discovery Children's Museum,Institute of Museum and Library Services,Office of Museum Services,2025,240595,,"Museums for America (Las Vegas, NV)",single_interactive,unknown,low,Museums for America,https://www.imls.gov/grants/awarded-grants?fulltext_search=MA-257514-OMS-25,matched via: mfa_interactive_exhibit; mfa_new_exhibit
MA-257545-OMS-25,County of New Hanover (Cape Fear Museum of History and Science),Institute of Museum and Library Services,Office of Museum Services,2025,250000,,"Museums for America (Wilmington, NC)",single_interactive,unknown,low,Museums for America,https://www.imls.gov/grants/awarded-grants?fulltext_search=MA-257545-OMS-25,matched via: mfa_interactive_exhibit; mfa_new_exhibit
MA-257562-OMS-25,John Ball Zoo,Institute of Museum and Library Services,Office of Museum Services,2025,250000,,"Museums for America (Grand Rapids, MI)",single_interactive,unknown,low,Museums for America,https://www.imls.gov/grants/awarded-grants?fulltext_search=MA-257562-OMS-25,matched via: mfa_interactive_exhibit; mfa_new_exhibit; prog_Museums_for_America
MA-257586-OMS-25,University of Nebraska (Great Plains Art Museum),Institute of Museum and Library Services,Office of Museum Services,2025,165000,,"Museums for America (Lincoln, NE)",other,unknown,low,Museums for America,https://www.imls.gov/grants/awarded-grants?fulltext_search=MA-257586-OMS-25,matched via: mfa_new_exhibit; prog_Museums_for_America
MA-257689-OMS-25,Holocaust Documentation and Education Center,Institute of Museum and Library Services,Office of Museum Services,2025,499070,,"Museums for America (Dania, FL)",single_interactive,unknown,low,Museums for America,https://www.imls.gov/grants/awarded-grants?fulltext_search=MA-257689-OMS-25,matched via: mfa_interactive_exhibit; mfa_new_exhibit
MA-257747-OMS-25,Trumbull County Historical Society,Institute of Museum and Library Services,Office of Museum Services,2025,250000,,"Museums for America (Warren, OH)",other,unknown,low,Museums for America,https://www.imls.gov/grants/awarded-grants?fulltext_search=MA-257747-OMS-25,matched via: prog_Museums_for_America
MA-257939-OMS-25,North Iowa Cultural Center and Museum,Institute of Museum and Library Services,Office of Museum Services,2025,266840,,"Museums for America (Clear Lake, IA)",single_interactive,unknown,low,Museums for America,https://www.imls.gov/grants/awarded-grants?fulltext_search=MA-257939-OMS-25,matched via: mfa_interactive_exhibit
MA-258053-OMS-25,Fort Ticonderoga,Institute of Museum and Library Services,Office of Museum Services,2025,247584,,"Museums for America (Ticonderoga, NY)",other,unknown,low,Museums for America,https://www.imls.gov/grants/awarded-grants?fulltext_search=MA-258053-OMS-25,matched via: prog_Museums_for_America
MA-258120-OMS-25,Briscoe Western Art Museum,Institute of Museum and Library Services,Office of Museum Services,2025,511355,,"Museums for America (San Antonio, TX)",single_interactive,unknown,low,Museums for America,https://www.imls.gov/grants/awarded-grants?fulltext_search=MA-258120-OMS-25,matched via: mfa_interactive_exhibit; prog_Museums_for_America
MA-258123-OMS-25,City of Wray (Wray Museum),Institute of Museum and Library Services,Office of Museum Services,2025,250000,,"Museums for America (Wray, CO)",other,unknown,low,Museums for America,https://www.imls.gov/grants/awarded-grants?fulltext_search=MA-258123-OMS-25,matched via: mfa_new_exhibit
MA-258128-OMS-25,Hispanic Society Museum and Library,Institute of Museum and Library Services,Office of Museum Services,2025,377630,,"Museums for America (New York, NY)",other,unknown,low,Museums for America,https://www.imls.gov/grants/awarded-grants?fulltext_search=MA-258128-OMS-25,matched via: mfa_new_exhibit; prog_Museums_for_America
MA-258149-OMS-25,Allen County Museum,Institute of Museum and Library Services,Office of Museum Services,2025,105430,,"Museums for America (Lima, OH)",other,unknown,low,Museums for America,https://www.imls.gov/grants/awarded-grants?fulltext_search=MA-258149-OMS-25,matched via: mfa_new_exhibit; prog_Museums_for_America
MA-258274-OMS-25,Louisiana State University Agricultural Center (Burden Museum and Gardens),Institute of Museum and Library Services,Office of Museum Services,2025,198750,,"Museums for America (Baton Rouge, LA)",multi_station,y,med,Museums for America,https://www.imls.gov/grants/awarded-grants?fulltext_search=MA-258274-OMS-25,matched via: mfa_exhibit_fab; mfa_exhibit_fabrication; mfa_new_exhibit; prog_Museums_for_America
MA-258326-OMS-25,Battleship Iowa Museum,Institute of Museum and Library Services,Office of Museum Services,2025,250000,,"Museums for America (San Pedro, CA)",single_interactive,unknown,low,Museums for America,https://www.imls.gov/grants/awarded-grants?fulltext_search=MA-258326-OMS-25,matched via: mfa_interactive_exhibit; prog_Museums_for_America
MA-258402-OMS-25,North Carolina Railroad Museum,Institute of Museum and Library Services,Office of Museum Services,2025,110487,,"Museums for America (New Hill, NC)",single_interactive,unknown,low,Museums for America,https://www.imls.gov/grants/awarded-grants?fulltext_search=MA-258402-OMS-25,matched via: mfa_interactive_exhibit; mfa_new_exhibit
MA-258449-OMS-25,Living Classrooms Foundation (Historic Ships in Baltimore),Institute of Museum and Library Services,Office of Museum Services,2025,84491,,"Museums for America (Baltimore, MD)",multi_station,y,med,Museums for America,https://www.imls.gov/grants/awarded-grants?fulltext_search=MA-258449-OMS-25,matched via: mfa_exhibit_fab; mfa_exhibit_fabrication
MA-30-16-0106-16,Historic Cherry Hill,Institute of Museum and Library Services,Office of Museum Services,2016,30841,,"Museums for America (Albany, NY)",multi_station,y,med,Museums for America,https://www.imls.gov/grants/awarded-grants?fulltext_search=MA-30-16-0106-16,matched via: mfa_exhibit_fab
MA-30-19-0350-19,"Michigan Department of Natural Resources (Michigan Iron Industry Museum, Michigan Historical Center)",Institute of Museum and Library Services,Office of Museum Services,2019,120000,,"Museums for America (Lansing, MI)",multi_station,y,med,Museums for America,https://www.imls.gov/grants/awarded-grants?fulltext_search=MA-30-19-0350-19,matched via: mfa_exhibit_fab
MA-31-14-0282-14,Victoria Mansion,Institute of Museum and Library Services,Office of Museum Services,2014,24122,,"Museums for America (Portland, ME)",multi_station,y,med,Museums for America,https://www.imls.gov/grants/awarded-grants?fulltext_search=MA-31-14-0282-14,matched via: mfa_exhibit_fab
MA-31-17-0061-17,Washington County Museum of Fine Arts,Institute of Museum and Library Services,Office of Museum Services,2017,22146,,"Museums for America (Hagerstown, MD)",multi_station,y,med,Museums for America,https://www.imls.gov/grants/awarded-grants?fulltext_search=MA-31-17-0061-17,matched via: mfa_exhibit_fab
MG-10-13-0056-13,Children's Museum Houston,Institute of Museum and Library Services,Office of Museum Services,2013,472101,,"National Leadership Grants - Museums (Houston, TX)",single_interactive,unknown,low,National Leadership Grants - Museums,https://www.imls.gov/grants/awarded-grants?fulltext_search=MG-10-13-0056-13,matched via: nlg_interactive
MG-20-16-0051-16,University of Montana,Institute of Museum and Library Services,Office of Museum Services,2016,414619,,"National Leadership Grants - Museums (Missoula, MT)",single_interactive,unknown,low,National Leadership Grants - Museums,https://www.imls.gov/grants/awarded-grants?fulltext_search=MG-20-16-0051-16,matched via: nlg_interactive
MG-20-16-0051-16 (a),University of Montana,Institute of Museum and Library Services,Office of Museum Services,2016,60000,,"National Leadership Grants - Museums (Missoula, MT)",single_interactive,unknown,low,National Leadership Grants - Museums,https://www.imls.gov/grants/awarded-grants?fulltext_search=MG-20-16-0051-16 (a),matched via: nlg_interactive
MG-245427-OMS-20,Rochester Institute of Technology,Institute of Museum and Library Services,Office of Museum Services,2020,429409,,"National Leadership Grants - Museums (Rochester, NY)",other,unknown,low,National Leadership Grants - Museums,https://www.imls.gov/grants/awarded-grants?fulltext_search=MG-245427-OMS-20,matched via: prog_National_Leadership_Grants___Museums
MG-245862-OMS-20,University of Montana (spectrUM Discovery Area),Institute of Museum and Library Services,Office of Museum Services,2020,670969,,"National Leadership Grants - Museums (Missoula, MT)",other,unknown,low,National Leadership Grants - Museums,https://www.imls.gov/grants/awarded-grants?fulltext_search=MG-245862-OMS-20,matched via: prog_National_Leadership_Grants___Museums
MG-249646-OMS-21,"Museum of Science, Boston",Institute of Museum and Library Services,Office of Museum Services,2021,402040,,"National Leadership Grants - Museums (Boston, MA)",other,unknown,low,National Leadership Grants - Museums,https://www.imls.gov/grants/awarded-grants?fulltext_search=MG-249646-OMS-21,matched via: prog_National_Leadership_Grants___Museums
MG-251987-OMS-22,International Coalition of Sites of Conscience,Institute of Museum and Library Services,Office of Museum Services,2022,691692,,"National Leadership Grants - Museums (New York, NY)",other,unknown,low,National Leadership Grants - Museums,https://www.imls.gov/grants/awarded-grants?fulltext_search=MG-251987-OMS-22,matched via: prog_National_Leadership_Grants___Museums
MG-252083-OMS-22,Madison Children's Museum,Institute of Museum and Library Services,Office of Museum Services,2022,339000,,"National Leadership Grants - Museums (Madison, WI)",other,unknown,low,National Leadership Grants - Museums,https://www.imls.gov/grants/awarded-grants?fulltext_search=MG-252083-OMS-22,matched via: prog_National_Leadership_Grants___Museums
MG-255674-OMS-24,Environment & Culture Partners,Institute of Museum and Library Services,Office of Museum Services,2024,632741,,"National Leadership Grants - Museums (Tacoma, WA)",other,unknown,low,National Leadership Grants - Museums,https://www.imls.gov/grants/awarded-grants?fulltext_search=MG-255674-OMS-24,matched via: prog_National_Leadership_Grants___Museums
MG-255854-OMS-24,Association of Science and Technology Centers,Institute of Museum and Library Services,Office of Museum Services,2024,694536,,"National Leadership Grants - Museums (Washington, DC)",other,unknown,low,National Leadership Grants - Museums,https://www.imls.gov/grants/awarded-grants?fulltext_search=MG-255854-OMS-24,matched via: prog_National_Leadership_Grants___Museums
MG-259280-OMS-25,Museum of Science,Institute of Museum and Library Services,Office of Museum Services,2025,1499810,,"National Leadership Grants - Museums (Boston, MA)",single_interactive,unknown,low,National Leadership Grants - Museums,https://www.imls.gov/grants/awarded-grants?fulltext_search=MG-259280-OMS-25,matched via: nlg_interactive; prog_National_Leadership_Grants___Museums
MG-259281-OMS-25,Exploratorium,Institute of Museum and Library Services,Office of Museum Services,2025,1499943,,"National Leadership Grants - Museums (San Francisco, CA)",single_interactive,unknown,low,National Leadership Grants - Museums,https://www.imls.gov/grants/awarded-grants?fulltext_search=MG-259281-OMS-25,matched via: nlg_interactive; prog_National_Leadership_Grants___Museums
MG-45-16-0033-16,University of Washington (Burke Museum of Natural History and Culture),Institute of Museum and Library Services,Office of Museum Services,2016,25000,,"National Leadership Grants - Museums (Seattle, WA)",single_interactive,unknown,low,National Leadership Grants - Museums,https://www.imls.gov/grants/awarded-grants?fulltext_search=MG-45-16-0033-16,matched via: nlg_interactive
MG-60-19-0038-19,Intrepid Museum,Institute of Museum and Library Services,Office of Museum Services,2019,588882,,"National Leadership Grants - Museums (New York, NY)",other,unknown,low,National Leadership Grants - Museums,https://www.imls.gov/grants/awarded-grants?fulltext_search=MG-60-19-0038-19,matched via: prog_National_Leadership_Grants___Museums
2214463,Georgia Tech Research Corporation,National Science Foundation,Directorate for STEM Education (EDU) - Advancing Informal STEM Learning,2022,1757646,,Fostering AI Literacy through Embodiment and Creativity across Informal Learning Spaces,other,unknown,low,AISL,https://www.nsf.gov/awardsearch/showAward?AWD_ID=2214463,"verified via individual-award API lookup (api.nsf.gov/services/v1/awards/<id>.json); found via targeted web search, not systematic keyword sweep (NSF API keyword search proved unreliable for topical full-text queries — see methodology-notes.md)"
1647130,Drexel University,National Science Foundation,Directorate for STEM Education (EDU) - Advancing Informal STEM Learning,2017,559753,,Supporting Science and Engineering Identity Development in Immersive Interactive Technologies,other,unknown,low,AISL,https://www.nsf.gov/awardsearch/showAward?AWD_ID=1647130,"verified via individual-award API lookup (api.nsf.gov/services/v1/awards/<id>.json); found via targeted web search, not systematic keyword sweep (NSF API keyword search proved unreliable for topical full-text queries — see methodology-notes.md)"
1612831,Stanford University,National Science Foundation,Directorate for STEM Education (EDU) - Advancing Informal STEM Learning,2016,330000,,Visitor Interactions in Microbiology: A New Genre of Science Museum Exhibits,single_interactive,unknown,low,AISL,https://www.nsf.gov/awardsearch/showAward?AWD_ID=1612831,"verified via individual-award API lookup (api.nsf.gov/services/v1/awards/<id>.json); found via targeted web search, not systematic keyword sweep (NSF API keyword search proved unreliable for topical full-text queries — see methodology-notes.md)"
1811063,New York Hall of Science,National Science Foundation,Directorate for STEM Education (EDU) - Advancing Informal STEM Learning,2018,247051,,Reconceiving Exhibit Design for Public Engagement with Science,single_interactive,unknown,low,AISL,https://www.nsf.gov/awardsearch/showAward?AWD_ID=1811063,"verified via individual-award API lookup (api.nsf.gov/services/v1/awards/<id>.json); found via targeted web search, not systematic keyword sweep (NSF API keyword search proved unreliable for topical full-text queries — see methodology-notes.md)"
2116109,University of Southern California,National Science Foundation,Directorate for STEM Education (EDU) - Advancing Informal STEM Learning,2021,1604219,,AI Behind Virtual Humans: Communicating the Capabilities and Impact of Artificial Intelligence to the Public through an Interactive Virtual Human Exhibit,single_interactive,unknown,low,AISL,https://www.nsf.gov/awardsearch/showAward?AWD_ID=2116109,"verified via individual-award API lookup (api.nsf.gov/services/v1/awards/<id>.json); found via targeted web search, not systematic keyword sweep (NSF API keyword search proved unreliable for topical full-text queries — see methodology-notes.md)"
1808749,Oregon Museum of Science and Industry,National Science Foundation,Directorate for STEM Education (EDU) - Advancing Informal STEM Learning,2018,1389759,,"Snow: Museum Exhibit, Educational Outreach, and Learning Research",single_interactive,unknown,low,AISL,https://www.nsf.gov/awardsearch/showAward?AWD_ID=1808749,"verified via individual-award API lookup (api.nsf.gov/services/v1/awards/<id>.json); found via targeted web search, not systematic keyword sweep (NSF API keyword search proved unreliable for topical full-text queries — see methodology-notes.md)"
0813541,University of Southern California,National Science Foundation,Directorate for STEM Education (EDU) - Advancing Informal STEM Learning,2008,2062116,,Responsive Virtual Human Museum Guides,other,unknown,low,AISL,https://www.nsf.gov/awardsearch/showAward?AWD_ID=0813541,"verified via individual-award API lookup (api.nsf.gov/services/v1/awards/<id>.json); found via targeted web search, not systematic keyword sweep (NSF API keyword search proved unreliable for topical full-text queries — see methodology-notes.md)"
0307875,Museum of Science,National Science Foundation,Directorate for STEM Education (EDU) - Advancing Informal STEM Learning,2003,2738060,,"Traveling Exhibit on Technology, Imagination and the Future Using the Fantasy Technologies in the Star Wars Movies as Examples",multi_station,y,med,AISL,https://www.nsf.gov/awardsearch/showAward?AWD_ID=0307875,"verified via individual-award API lookup (api.nsf.gov/services/v1/awards/<id>.json); found via targeted web search, not systematic keyword sweep (NSF API keyword search proved unreliable for topical full-text queries — see methodology-notes.md)"
0000589,Montshire Museum of Science,National Science Foundation,Directorate for STEM Education (EDU) - Advancing Informal STEM Learning,2000,2074689,,TEAMS Traveling Exhibit Collaborative,multi_station,y,med,AISL,https://www.nsf.gov/awardsearch/showAward?AWD_ID=0000589,"verified via individual-award API lookup (api.nsf.gov/services/v1/awards/<id>.json); found via targeted web search, not systematic keyword sweep (NSF API keyword search proved unreliable for topical full-text queries — see methodology-notes.md)"
9627029,Montshire Museum of Science,National Science Foundation,Directorate for STEM Education (EDU) - Advancing Informal STEM Learning,1996,1216716,,TEAMS Science Museum Exhibit Collaborative,multi_station,y,med,AISL,https://www.nsf.gov/awardsearch/showAward?AWD_ID=9627029,"verified via individual-award API lookup (api.nsf.gov/services/v1/awards/<id>.json); found via targeted web search, not systematic keyword sweep (NSF API keyword search proved unreliable for topical full-text queries — see methodology-notes.md)"
1906688,Museum of Science,National Science Foundation,Directorate for STEM Education (EDU) - Advancing Informal STEM Learning,2019,299989,,Exhibit appraisal and diverse populations: Pilot research about intersectional and science identities in science exhibits,single_interactive,unknown,low,AISL,https://www.nsf.gov/awardsearch/showAward?AWD_ID=1906688,"verified via individual-award API lookup (api.nsf.gov/services/v1/awards/<id>.json); found via targeted web search, not systematic keyword sweep (NSF API keyword search proved unreliable for topical full-text queries — see methodology-notes.md)"
1713316,Science Museum of Minnesota,National Science Foundation,Directorate for STEM Education (EDU) - Advancing Informal STEM Learning,2017,1999578,,Developing innovative techniques for using museum-based theater and gaming to support visitor understanding of complex systems,other,unknown,low,AISL,https://www.nsf.gov/awardsearch/showAward?AWD_ID=1713316,"verified via individual-award API lookup (api.nsf.gov/services/v1/awards/<id>.json); found via targeted web search, not systematic keyword sweep (NSF API keyword search proved unreliable for topical full-text queries — see methodology-notes.md)"
1516541,Loyola University of Chicago,National Science Foundation,Directorate for STEM Education (EDU) - Advancing Informal STEM Learning,2015,739522,,Collaborative Research: Advancing Early STEM Learning Opportunities Through Tinkering and Reflection,other,unknown,low,AISL,https://www.nsf.gov/awardsearch/showAward?AWD_ID=1516541,"verified via individual-award API lookup (api.nsf.gov/services/v1/awards/<id>.json); found via targeted web search, not systematic keyword sweep (NSF API keyword search proved unreliable for topical full-text queries — see methodology-notes.md)"
1515788,Northwestern University,National Science Foundation,Directorate for STEM Education (EDU) - Advancing Informal STEM Learning,2015,607195,,Collaborative Research: Advancing Early STEM Learning Opportunities Through Tinkering and Reflection,other,unknown,low,AISL,https://www.nsf.gov/awardsearch/showAward?AWD_ID=1515788,"verified via individual-award API lookup (api.nsf.gov/services/v1/awards/<id>.json); found via targeted web search, not systematic keyword sweep (NSF API keyword search proved unreliable for topical full-text queries — see methodology-notes.md)"
1811457,WGBH Educational Foundation,National Science Foundation,Directorate for STEM Education (EDU) - Advancing Informal STEM Learning,2018,2604294,,Design Squad Maker: Researching How to Support Upper Elementary School Children's Sustained Engagement and Participation in Engineering Design across Out-of-School Settings,other,unknown,low,AISL,https://www.nsf.gov/awardsearch/showAward?AWD_ID=1811457,"verified via individual-award API lookup (api.nsf.gov/services/v1/awards/<id>.json); found via targeted web search, not systematic keyword sweep (NSF API keyword search proved unreliable for topical full-text queries — see methodology-notes.md)"
