award_id,recipient,awarding_agency,sub_agency,start_year,obligated_amount,total_award_value,award_description,project_class,fabrication_inclusive,scope_confidence,source_url,notes,state
NY-0001,HADLEY EXHIBITS INC,Power Authority of the State of New York,,2017,359436.0,,MAINTENANCE: NIAGARA EXHIBITS,maintenance,y,med,https://data.ny.gov/resource/ehig-g5x3.json?transaction_number=4600003328,"NYPA Power Vista visitor center, Niagara Falls; source: NY Procurement Report for State Authorities (Socrata ehig-g5x3)",NY
NY-0002,HADLEY EXHIBITS INC,Power Authority of the State of New York,,2021,187723.0,,POWER VISTA EXHIBIT MAINTENANCE AND REPAIRS,maintenance,y,med,https://data.ny.gov/resource/ehig-g5x3.json?transaction_number=4500327057,source: NY Procurement Report for State Authorities,NY
NY-0003,HADLEY EXHIBITS INC,Power Authority of the State of New York,,2018,168773.0,,REGISTRATION KIOSKS AND MOBILE EXHIBITS,multi_station,y,med,https://data.ny.gov/resource/ehig-g5x3.json?transaction_number=4500295131,source: NY Procurement Report for State Authorities,NY
NY-0004,HADLEY EXHIBITS INC,Power Authority of the State of New York,,2020,185678.0,,EXHIBIT MAINTENANCE AND REPAIRS,maintenance,y,med,https://data.ny.gov/resource/ehig-g5x3.json?transaction_number=4500318213,source: NY Procurement Report for State Authorities,NY
NY-0005,TRIVIUM INTERACTIVE LLC,Power Authority of the State of New York,,2023,241772.0,,EXHIBITS SERVICE AND MAINTENANCE,maintenance,y,med,https://data.ny.gov/resource/ehig-g5x3.json?transaction_number=4500350737,source: NY Procurement Report for State Authorities,NY
NY-0006,TRIVIUM INTERACTIVE LLC,Power Authority of the State of New York,,2024,314119.0,,EXHIBITS SERVICE AND MAINTENANCE,maintenance,y,med,https://data.ny.gov/resource/ehig-g5x3.json?transaction_number=4500363703,source: NY Procurement Report for State Authorities,NY
NY-0007,"CAMBRIDGE SEVEN ASSOCIATES ARCHITECTS, P.C.",Hudson River Park Trust,,2020,129264.0,,Aquaria Exhibit Design Services,multi_station,n,med,https://data.ny.gov/resource/ehig-g5x3.json?transaction_number=A5134,"Design services only (competitive bid, 3 bids); Pier 26 aquarium exhibits. source: NY Procurement Report for State Authorities",NY
NY-0008,Hadley Exhibits Inc.,United Nations Development Corporation,,2024,149092.0,,"Graphics and branding services and exhibit fabrication and installation for UNICEF conference room renovation project, 3 UN Plaza. Single source.",single_interactive,y,med,https://data.ny.gov/resource/ehig-g5x3.json?transaction_number=24273,source: NY Procurement Report for State Authorities,NY
NY-0009,"Whirlwind Creative, Inc.",Rockland County Solid Waste Management Authority,,2024,560830.42,,Design of Exhibits for Education Center,multi_station,unknown,med,https://data.ny.gov/d/8w5p-k45m,PO/contract listed under fiscal year end 2024-12-31; source: NY Procurement Report for Local Authorities (Socrata 8w5p-k45m),NY
NY-0010,Tangram International Exhibits Inc.,New York City Economic Development Corporation,,2015,34721.0,,Tangram Exhibit construction,single_interactive,y,med,https://data.ny.gov/d/d84c-dk28,source: NY Procurement Report for Local Development Corporations (Socrata d84c-dk28),NY
NY-0011,Onondaga Historical Association,Syracuse Regional Airport Authority,,2018,500000.0,,Development and Equipment of a onsite museum,building_wide,unknown,low,https://data.ny.gov/d/8w5p-k45m,Record appears twice in source (FY2018 and FY2019 filings) for same award; reported once here. source: NY Procurement Report for Local Authorities,NY
NY-0012,MOST FOUNDATION,Onondaga County Water Authority,,2022,5000.0,,Innovation Station Exhibit at the Museum of Science and Technology,single_interactive,unknown,low,https://data.ny.gov/d/8w5p-k45m,"Only amount expended for fiscal year exposed, not a total contract value; non-contract PO. source: NY Procurement Report for Local Authorities",NY
NY-0013,RONCO SPECIALIZED SYSTEMS,Onondaga County Water Authority,,2018,55882.78,,Clear Touch Ultra HD Interactive Panel,single_interactive,n,low,https://data.ny.gov/d/8w5p-k45m,Only amount expended for fiscal year exposed; purchased under state contract (hardware only). source: NY Procurement Report for Local Authorities,NY
NY-0014,Tompkins Chamber Foundation,Tompkins County Industrial Development Agency,,2022,100000.0,,"Wayfinding and Interpretive signage inventory, surveying and planning work related to The Tompkins County Wayfinding and Interpretive Signage Project in conjunction with the Ithaca Conference Center project.",other,n,med,https://data.ny.gov/d/p3p6-xqr5,"Planning/survey only, not fabrication. source: NY Procurement Report for Industrial Development Agencies (Socrata p3p6-xqr5)",NY
NY-0015,NATURAL HERITAGE TRUST,New York State Bridge Authority,,2018,9786.0,,INTERPRETIVE SIGNS,kiosk,unknown,low,https://data.ny.gov/d/ehig-g5x3,"Only amount expended for fiscal year exposed; non-contract PO, no description detail beyond title. source: NY Procurement Report for State Authorities",NY
NY-0016,NATURAL HERITAGE TRUST,New York State Bridge Authority,,2020,31023.0,,"MHB, KRB - INTERPRETIVE SIGNS",kiosk,unknown,low,https://data.ny.gov/d/ehig-g5x3,Only amount expended for fiscal year exposed; non-contract PO. source: NY Procurement Report for State Authorities,NY
CA-0001,"Delphi Productions, Inc.",California Department of Parks and Recreation,,2013,197713.1,,"Design development, working drawings, and fabricating an artificial rock exhibit in the exhibit hall of the new Visitor Center at Donner Memorial State Park, Truckee, California.",multi_station,y,high,https://data.ca.gov/dataset/purchase-order-data,"PO# C0217001; CA DGS eSCPRS Purchase Order Data (FY2012-2015 extract), CKAN datastore.",CA
CA-0002,K2 Fabrication,California Department of Parks and Recreation,,2013,249999.0,,"Exhibit Production Artwork, Fabrication, and Exhibit Installation",multi_station,y,med,https://data.ca.gov/dataset/purchase-order-data,"PO# C0218013; CA DGS eSCPRS Purchase Order Data (FY2012-2015 extract), CKAN datastore.",CA
CA-0003,Formations Inc.,California Department of Parks and Recreation,,2013,781731.0,,"Exhibit Design, Fabrication and Installation Services",multi_station,y,high,https://data.ca.gov/dataset/purchase-order-data,"PO# C0217003; CA DGS eSCPRS Purchase Order Data (FY2012-2015 extract), CKAN datastore.",CA
CA-0004,Platypus,California Department of Parks and Recreation,,2014,332874.0,,"Exhibit Design, Fabrication and Installation Services",multi_station,y,high,https://data.ca.gov/dataset/purchase-order-data,"PO# C13E0050; CA DGS eSCPRS Purchase Order Data (FY2012-2015 extract), CKAN datastore.",CA
CA-0005,"Cinnabar California, Inc",California Department of Parks and Recreation,,2013,504735.0,,Design and install interpretive exhibits Exhibits for Chino Hills SP,multi_station,y,high,https://data.ca.gov/dataset/purchase-order-data,"PO# C10E0024; CA DGS eSCPRS Purchase Order Data (FY2012-2015 extract), CKAN datastore.",CA
CA-0006,"Cinnabar California, Inc",California Department of Parks and Recreation,,2014,48392.0,,Installation of Exhibits,other,y,med,https://data.ca.gov/dataset/purchase-order-data,"PO# C6508001; CA DGS eSCPRS Purchase Order Data (FY2012-2015 extract), CKAN datastore.",CA
CA-0007,Taylor Studios,California Department of Parks and Recreation,,2013,839000.0,,"Produce an engaging, interactive, multi-sensory, durable, graphically appealing, interpretively written, and easily navigable exhibits for the outdoor and indoor interpretive areas and display of collection at Marshall Gold Discovery State Historic Park.",multi_station,y,high,https://data.ca.gov/dataset/purchase-order-data,"PO# C0600001; CA DGS eSCPRS Purchase Order Data (FY2012-2015 extract), CKAN datastore.",CA
CA-0008,Leslie Stone Associates,California Department of Parks and Recreation,,2014,340000.0,,Replace Exhibit Displays,multi_station,y,med,https://data.ca.gov/dataset/purchase-order-data,"PO# C12E0013; CA DGS eSCPRS Purchase Order Data (FY2012-2015 extract), CKAN datastore.",CA
CA-0009,David Price Design,California Department of Parks and Recreation,,2014,23457.84,,"Illustrate, design, layout and fabrication of interpretive panels for Bodie State Historic Park",kiosk,y,med,https://data.ca.gov/dataset/purchase-order-data,"PO# C123A013; CA DGS eSCPRS Purchase Order Data (FY2012-2015 extract), CKAN datastore.",CA
CA-0010,David Price Design,California Department of Parks and Recreation,,2015,127000.0,,"Interpretive Panel Design, Fabrication and Installation Services",kiosk,y,med,https://data.ca.gov/dataset/purchase-order-data,"PO# C14E0047; CA DGS eSCPRS Purchase Order Data (FY2012-2015 extract), CKAN datastore.",CA
CA-0011,"BANG! Creative, Inc.",California Department of Parks and Recreation,,2014,280000.0,,Interpretive design and displays for Visitor Center at Carpinteria State Beach,multi_station,y,med,https://data.ca.gov/dataset/purchase-order-data,"PO# C1142008; CA DGS eSCPRS Purchase Order Data (FY2012-2015 extract), CKAN datastore.",CA
CA-0012,"University Enterprises, Inc",California Department of Parks and Recreation,,2015,149999.99,,Interpretive/Graphic Design and Production Services,other,unknown,low,https://data.ca.gov/dataset/purchase-order-data,"PO# C14E0022; CA DGS eSCPRS Purchase Order Data (FY2012-2015 extract), CKAN datastore.",CA
CA-0013,"University Enterprises, Inc",California Department of Parks and Recreation,,2013,45000.0,,Produce Audio/Visual Programs for Calaveras Big Trees State Park new interpretive exhibits; multi-media enhancement component with electronic screen displays.,single_interactive,n,med,https://data.ca.gov/dataset/purchase-order-data,"PO# C7010008; CA DGS eSCPRS Purchase Order Data (FY2012-2015 extract), CKAN datastore.",CA
CA-0014,"PNP Construction, Inc.",California Department of Parks and Recreation,,2015,2183474.0,,"Demolish full scale saw mill exhibit, salvage all mechanical equipment from the existing saw mill and erect a new exhibit in a nearby location incorporating some salvaged equipment; site work improvements at several locations.",multi_station,y,low,https://data.ca.gov/dataset/purchase-order-data,"PO# C6901014; CA DGS eSCPRS Purchase Order Data (FY2012-2015 extract), CKAN datastore.",CA
CA-0015,Steel Fixture MFG,California Department of Parks and Recreation,,2015,5196.0,,Museum cabinets with locking front glass doors,kiosk,y,low,https://data.ca.gov/dataset/purchase-order-data,"PO# S4840222; CA DGS eSCPRS Purchase Order Data (FY2012-2015 extract), CKAN datastore.",CA
CA-0016,JAMES KELTY & ASSOCIATES INC,California Department of Parks and Recreation,,2013,9750.0,,DPR services for development and production of Interactive Computer Program for information kiosk at Big Basin Redwoods State Park,kiosk,n,med,https://data.ca.gov/dataset/purchase-order-data,"PO# C1268023; CA DGS eSCPRS Purchase Order Data (FY2012-2015 extract), CKAN datastore.",CA
CA-0017,WILDWAYS illustrated,California Department of Parks and Recreation,,2013,6520.0,,"Interpretive Panels for Big Ranch, a sub-sub unit of Wilder Ranch State Park.",kiosk,y,med,https://data.ca.gov/dataset/purchase-order-data,"PO# S2715184; CA DGS eSCPRS Purchase Order Data (FY2012-2015 extract), CKAN datastore.",CA
CA-0018,"Showreel International, Inc.",California Department of Parks and Recreation,,2013,241638.0,,Virtual tours for interpretive program,single_interactive,n,low,https://data.ca.gov/dataset/purchase-order-data,"PO# C12V0017; CA DGS eSCPRS Purchase Order Data (FY2012-2015 extract), CKAN datastore.",CA
CA-0019,"University Enterprises, Inc",California Department of Parks and Recreation,,2015,34646.0,,Four Low-Profile Interpretive Panels,kiosk,y,med,https://data.ca.gov/dataset/purchase-order-data,"PO# C13E0069; CA DGS eSCPRS Purchase Order Data (FY2012-2015 extract), CKAN datastore.",CA
CA-0020,"Fossil Industries, Inc.",California Department of Parks and Recreation,,2013,5840.0,,Interpretive Kiosk panel and sample,kiosk,y,low,https://data.ca.gov/dataset/purchase-order-data,"PO# S2550037; CA DGS eSCPRS Purchase Order Data (FY2012-2015 extract), CKAN datastore.",CA
CA-0021,Exhibit Solutions of New Mexico,California African American Museum,,2013,5450.0,,Banners for Historic Churches exhibitions.,kiosk,y,low,https://data.ca.gov/dataset/purchase-order-data,"PO# 11-CR024; CA DGS eSCPRS Purchase Order Data (FY2012-2015 extract), CKAN datastore.",CA
TX-0001,MUSEWORK LLC,Historical Commission,,2013,173540.0,,"Exhibit design, fabrication & installation",multi_station,y,high,https://cms.lbb.texas.gov/Default.aspx?aid=808&cid=808-13-1381,"source: Texas LBB Contracts Database (CMS), full record set retrieved via the app's embedded Dash data layer.",TX
TX-0002,BUILDING FOUR FABRICATION LLC,Historical Commission,,2014,76000.0,,"Exhibit design, fabrication and installation",multi_station,y,high,https://cms.lbb.texas.gov/Default.aspx?aid=808&cid=808-14-0762,"source: Texas LBB Contracts Database (CMS), full record set retrieved via the app's embedded Dash data layer.",TX
TX-0003,BUILDING FOUR FABRICATION LLC,Historical Commission,,2014,148000.0,,Exhibit Designs and Fabrication for Landmark Inn,multi_station,y,med,https://cms.lbb.texas.gov/Default.aspx?aid=808&cid=808-14-1470,"source: Texas LBB Contracts Database (CMS), full record set retrieved via the app's embedded Dash data layer.",TX
TX-0004,MUSEWORK LLC,Historical Commission,,2014,215000.0,,Exhibit development for thematic cross promotion,other,unknown,low,https://cms.lbb.texas.gov/Default.aspx?aid=808&cid=808-15-0327,"source: Texas LBB Contracts Database (CMS), full record set retrieved via the app's embedded Dash data layer. Vague scope description",TX
TX-0005,HOWARD REVIS DESIGN SERVICES/,Historical Commission,,2014,3134188.0,,Exhibit Design and Fabrication for San Felipe,building_wide,y,med,https://cms.lbb.texas.gov/Default.aspx?aid=808&cid=808-15-0604,"source: Texas LBB Contracts Database (CMS), full record set retrieved via the app's embedded Dash data layer. San Felipe de Austin State Historic Site",TX
TX-0006,Capitol Museum Services,Historical Commission,,2014,424428.0,,Exhibit and Outdoor Panels at Levi Jordan SHS,multi_station,y,med,https://cms.lbb.texas.gov/Default.aspx?aid=808&cid=808-15-0627,"source: Texas LBB Contracts Database (CMS), full record set retrieved via the app's embedded Dash data layer. Levi Jordan State Historic Site",TX
TX-0007,SOMMERVILLE WILSON INC,Historical Commission,,2015,110000.0,,"Exhibit design, fabrication & installation",multi_station,y,high,https://cms.lbb.texas.gov/Default.aspx?aid=808&cid=808-15-1158,"source: Texas LBB Contracts Database (CMS), full record set retrieved via the app's embedded Dash data layer.",TX
TX-0008,ERIN MCCLELLAND,Historical Commission,,2016,113557.0,,COMPREHENSIVE EXHIBIT & INTERPRETIVE PANEL DESIGN,multi_station,n,med,https://cms.lbb.texas.gov/Default.aspx?aid=808&cid=808-16-2470,"source: Texas LBB Contracts Database (CMS), full record set retrieved via the app's embedded Dash data layer. Design/planning services",TX
TX-0009,HISTORY BEHIND THE SCENES,Historical Commission,,2017,84951.0,,Research & writing of an Interpretive Master Plan,other,n,med,https://cms.lbb.texas.gov/Default.aspx?aid=808&cid=808-17-1475,"source: Texas LBB Contracts Database (CMS), full record set retrieved via the app's embedded Dash data layer. Interpretive master plan, planning only",TX
TX-0010,MUSEWORK,Historical Commission,,2017,23362.0,,INTERPRETIVE PANEL DESIGN,kiosk,n,med,https://cms.lbb.texas.gov/Default.aspx?aid=808&cid=808-17-2201,"source: Texas LBB Contracts Database (CMS), full record set retrieved via the app's embedded Dash data layer. Design only",TX
TX-0011,Dixon Studios LLC,Historical Commission,,2020,506526.0,,Caddo Mounds Exhibits,multi_station,y,med,https://cms.lbb.texas.gov/Default.aspx?aid=808&cid=808-21-201316,"source: Texas LBB Contracts Database (CMS), full record set retrieved via the app's embedded Dash data layer. Caddo Mounds State Historic Site",TX
TX-0012,HISTORY BEHIND THE SCENES,Historical Commission,,2022,61848.0,,Interpretive Masterplan for Goodnight Ranch SHS,other,n,med,https://cms.lbb.texas.gov/Default.aspx?aid=808&cid=808-22-220994,"source: Texas LBB Contracts Database (CMS), full record set retrieved via the app's embedded Dash data layer. Interpretive master plan, planning only",TX
TX-0013,G&A STRATEGY AND DESIGN LLC,Historical Commission,,2023,150043.0,,Presidio La Bahia Interpretive Master Plan,other,n,med,https://cms.lbb.texas.gov/Default.aspx?aid=808&cid=808-23-230192,"source: Texas LBB Contracts Database (CMS), full record set retrieved via the app's embedded Dash data layer. Interpretive master plan, planning only",TX
TX-0014,CINNABAR CALIFORNIA INC.,Historical Commission,,2023,401064.0,,Gallery Exhibits at Caddo Moun,multi_station,y,med,https://cms.lbb.texas.gov/Default.aspx?aid=808&cid=808-23-231666,"source: Texas LBB Contracts Database (CMS), full record set retrieved via the app's embedded Dash data layer. Caddo Mounds State Historic Site",TX
TX-0015,STORY REASON LLC,Historical Commission,,2024,58000.0,,Develop WorkBook Exhibit Desig,single_interactive,n,low,https://cms.lbb.texas.gov/Default.aspx?aid=808&cid=808-24-241449,"source: Texas LBB Contracts Database (CMS), full record set retrieved via the app's embedded Dash data layer. Small dollar, ambiguous scope",TX
TX-0016,DESIGN AND PRODUCTION INCORPORATED,Historical Commission,,2024,57442500.0,,Museum Design/Exhibit Svcs - Star of the Republic,building_wide,y,low,https://cms.lbb.texas.gov/Default.aspx?aid=808&cid=808-20-R201162,"source: Texas LBB Contracts Database (CMS), full record set retrieved via the app's embedded Dash data layer. Very large dollar value relative to peer awards; likely a multi-year IDIQ ceiling/ not-to-exceed value rather than single-project spend. Star of the Republic Museum.",TX
TX-0017,FERMATA INC.,Historical Commission,,2024,82140.0,,Interpretive Planning Services,other,n,med,https://cms.lbb.texas.gov/Default.aspx?aid=808&cid=808-24-231609,"source: Texas LBB Contracts Database (CMS), full record set retrieved via the app's embedded Dash data layer. Planning only",TX
TX-0018,SUSAN ATHERTON HANSON,Historical Commission,,2024,94986.0,,Interpretive Planning Services,other,n,med,https://cms.lbb.texas.gov/Default.aspx?aid=808&cid=808-24-231608,"source: Texas LBB Contracts Database (CMS), full record set retrieved via the app's embedded Dash data layer. Planning only",TX
TX-0019,DESIGN AND PRODUCTION INCORPORATED,Historical Commission,,2024,13500000.0,,Iwo Jima Monument Museum,building_wide,y,low,https://cms.lbb.texas.gov/Default.aspx?aid=808&cid=808-24-241089,"source: Texas LBB Contracts Database (CMS), full record set retrieved via the app's embedded Dash data layer. Large dollar value; possibly IDIQ ceiling rather than single project spend. Texas State Cemetery/Iwo Jima Monument museum.",TX
TX-0020,"TERRACON CONSULTANTS, INC.",Historical Commission,,2025,132154.0,,Interpretive Master Plan Sam B,other,n,med,https://cms.lbb.texas.gov/Default.aspx?aid=808&cid=808-25-231611,"source: Texas LBB Contracts Database (CMS), full record set retrieved via the app's embedded Dash data layer. Interpretive master plan, planning only",TX
TX-0021,SOMMERVILLE WILSON INC,Parks and Wildlife Department,,2014,615890.0,,Museum & Interpretive Services,multi_station,y,med,https://cms.lbb.texas.gov/Default.aspx?aid=802&cid=449722,"source: Texas LBB Contracts Database (CMS), full record set retrieved via the app's embedded Dash data layer.",TX
TX-0022,BROCKINGTON AND ASSOCIATES INC,Parks and Wildlife Department,,2014,335837.0,,Museum and interpretive services,other,unknown,low,https://cms.lbb.texas.gov/Default.aspx?aid=802&cid=449726,"source: Texas LBB Contracts Database (CMS), full record set retrieved via the app's embedded Dash data layer. Brockington and Associates is a cultural-resources/archaeology firm; scope likely research/planning rather than fabrication",TX
TX-0023,BROCKINGTON AND ASSOCIATES INC,Parks and Wildlife Department,,2016,111851.0,,Contracted Services of Mission Tejas Exhibit Hall,multi_station,unknown,med,https://cms.lbb.texas.gov/Default.aspx?aid=802&cid=490527,"source: Texas LBB Contracts Database (CMS), full record set retrieved via the app's embedded Dash data layer. Mission Tejas State Park",TX
TX-0024,BROCKINGTON AND ASSOCIATES INC,Parks and Wildlife Department,,2017,181500.0,,Contracted Services of Mission Tejas Exhibit Hall,multi_station,unknown,med,https://cms.lbb.texas.gov/Default.aspx?aid=802&cid=497738,"source: Texas LBB Contracts Database (CMS), full record set retrieved via the app's embedded Dash data layer. Mission Tejas State Park",TX
TX-0025,MIKOCORP LLC,Parks and Wildlife Department,,2019,80020.0,,MR10301 Ray Roberts Lake SP New Interpretive Bldg,building_wide,unknown,low,https://cms.lbb.texas.gov/Default.aspx?aid=802&cid=517740,"source: Texas LBB Contracts Database (CMS), full record set retrieved via the app's embedded Dash data layer. Ray Roberts Lake State Park new interpretive building",TX
TX-0026,"Building Four Fabrication, LLC.",Parks and Wildlife Department,,2020,100000.0,,Museum and Interpretive Services,multi_station,unknown,low,https://cms.lbb.texas.gov/Default.aspx?aid=802&cid=535892,"source: Texas LBB Contracts Database (CMS), full record set retrieved via the app's embedded Dash data layer. One of seven identical $100,000 same-day awards; appears to be a multi-vendor on-call/IDIQ pool, not a single discrete project",TX
TX-0027,"Riggs Ward Design, L.C.",Parks and Wildlife Department,,2020,100000.0,,Museum and Interpretive Services,multi_station,unknown,low,https://cms.lbb.texas.gov/Default.aspx?aid=802&cid=535894,"source: Texas LBB Contracts Database (CMS), full record set retrieved via the app's embedded Dash data layer. One of seven identical $100,000 same-day awards; multi-vendor on-call/IDIQ pool",TX
TX-0028,"Museum Arts, Inc.",Parks and Wildlife Department,,2020,100000.0,,Museum and Interpretive Services,multi_station,unknown,low,https://cms.lbb.texas.gov/Default.aspx?aid=802&cid=535896,"source: Texas LBB Contracts Database (CMS), full record set retrieved via the app's embedded Dash data layer. One of seven identical $100,000 same-day awards; multi-vendor on-call/IDIQ pool",TX
TX-0029,Capitol Exhibit Services,Parks and Wildlife Department,,2020,100000.0,,Museum and Interpretive Services,multi_station,unknown,low,https://cms.lbb.texas.gov/Default.aspx?aid=802&cid=535905,"source: Texas LBB Contracts Database (CMS), full record set retrieved via the app's embedded Dash data layer. One of seven identical $100,000 same-day awards; multi-vendor on-call/IDIQ pool",TX
TX-0030,"TAYLOR STUDIOS, INC.",Parks and Wildlife Department,,2020,100000.0,,Museum and Interpretive Services,multi_station,unknown,low,https://cms.lbb.texas.gov/Default.aspx?aid=802&cid=535906,"source: Texas LBB Contracts Database (CMS), full record set retrieved via the app's embedded Dash data layer. One of seven identical $100,000 same-day awards; multi-vendor on-call/IDIQ pool",TX
TX-0031,Single Wing dba Single Wing Creative,Parks and Wildlife Department,,2020,100000.0,,Museum and Interpretive Services,multi_station,unknown,low,https://cms.lbb.texas.gov/Default.aspx?aid=802&cid=535915,"source: Texas LBB Contracts Database (CMS), full record set retrieved via the app's embedded Dash data layer. One of seven identical $100,000 same-day awards; multi-vendor on-call/IDIQ pool",TX
TX-0032,EXHIBIT CONCEPTS INC,Parks and Wildlife Department,,2020,100000.0,,Museum and Interpretive Services,multi_station,unknown,low,https://cms.lbb.texas.gov/Default.aspx?aid=802&cid=535946,"source: Texas LBB Contracts Database (CMS), full record set retrieved via the app's embedded Dash data layer. One of seven identical $100,000 same-day awards; multi-vendor on-call/IDIQ pool",TX
TX-0033,BROCKINGTON AND ASSOCIATES INC,Parks and Wildlife Department,,2024,300000.0,,SP-Museum and Interpretive Srv,other,unknown,low,https://cms.lbb.texas.gov/Default.aspx?aid=802&cid=CA-0007243,"source: Texas LBB Contracts Database (CMS), full record set retrieved via the app's embedded Dash data layer. One of several same-day awards to different vendors; multi-vendor on-call/IDIQ pool",TX
TX-0034,MUSEWORK LLC,Parks and Wildlife Department,,2024,225000.0,,SP-Museum and Interpretive Srv,multi_station,unknown,low,https://cms.lbb.texas.gov/Default.aspx?aid=802&cid=CA-0007245,"source: Texas LBB Contracts Database (CMS), full record set retrieved via the app's embedded Dash data layer. One of several same-day awards to different vendors; multi-vendor on-call/IDIQ pool",TX
TX-0035,TIMELOOPER INC,Parks and Wildlife Department,,2024,100000.0,,SP-Museum and Interpretive Srv,single_interactive,unknown,low,https://cms.lbb.texas.gov/Default.aspx?aid=802&cid=CA-0007248,"source: Texas LBB Contracts Database (CMS), full record set retrieved via the app's embedded Dash data layer. TimeLooper is an AR/VR exhibit-experience vendor; one of several same-day awards, multi-vendor on-call/IDIQ pool",TX
TX-0036,RALPH APPELBAUN ASSOC - MEZZANINE,Preservation Board,,2011,579845.0,,Exhibit Design Services,multi_station,n,high,https://cms.lbb.texas.gov/Default.aspx?aid=809&cid=2012-24,"source: Texas LBB Contracts Database (CMS), full record set retrieved via the app's embedded Dash data layer. Bullock Texas State History Museum; Ralph Appelbaum Associates, design services only",TX
TX-0037,TEXAS A & M UNIVERSITY PRESS,Preservation Board,,2014,174769.0,,Installation of Exhibit,multi_station,y,med,https://cms.lbb.texas.gov/Default.aspx?aid=809&cid=2014-52,"source: Texas LBB Contracts Database (CMS), full record set retrieved via the app's embedded Dash data layer. Bullock Texas State History Museum",TX
TX-0038,JUAN MANUEL BESA,Preservation Board,,2015,521089.0,,Exhibit Infrastructure Support,multi_station,y,med,https://cms.lbb.texas.gov/Default.aspx?aid=809&cid=2015-43,"source: Texas LBB Contracts Database (CMS), full record set retrieved via the app's embedded Dash data layer. Bullock Texas State History Museum",TX
TX-0039,BLOOMFIELD KNOBLE INC,Preservation Board,,2016,69370.0,,Digital Exhibit,single_interactive,y,med,https://cms.lbb.texas.gov/Default.aspx?aid=809&cid=2016-69,"source: Texas LBB Contracts Database (CMS), full record set retrieved via the app's embedded Dash data layer. Bullock Texas State History Museum",TX
TX-0040,AMERICAN COLOR LABS,Preservation Board,,2017,65000.0,,Exhibition Graphics,kiosk,y,med,https://cms.lbb.texas.gov/Default.aspx?aid=809&cid=809-17-5552,"source: Texas LBB Contracts Database (CMS), full record set retrieved via the app's embedded Dash data layer. Bullock Texas State History Museum",TX
TX-0041,MONDI GROUP LLC,Preservation Board,,2017,65155.0,,Exhibition Graphics,kiosk,y,med,https://cms.lbb.texas.gov/Default.aspx?aid=809&cid=809-18-5110,"source: Texas LBB Contracts Database (CMS), full record set retrieved via the app's embedded Dash data layer. Bullock Texas State History Museum",TX
TX-0042,KUBIK MALTBIE INC,Preservation Board,,2018,2568830.0,,Exhibit Fabrication,multi_station,y,high,https://cms.lbb.texas.gov/Default.aspx?aid=809&cid=2018-31,"source: Texas LBB Contracts Database (CMS), full record set retrieved via the app's embedded Dash data layer. Bullock Texas State History Museum; Kubik Maltbie is a major national exhibit fabricator",TX
TX-0043,CLEGG INDUSTRIES INC,Preservation Board,,2018,104520.0,,Airplane Suspension for Exhibit,single_interactive,y,med,https://cms.lbb.texas.gov/Default.aspx?aid=809&cid=2018-33,"source: Texas LBB Contracts Database (CMS), full record set retrieved via the app's embedded Dash data layer. Bullock Texas State History Museum",TX
TX-0044,CENTENNIAL CONTRACTORS ENTERPRISES INC,Preservation Board,,2019,140337.0,,Exhibit Expansion,multi_station,y,med,https://cms.lbb.texas.gov/Default.aspx?aid=809&cid=2019-19,"source: Texas LBB Contracts Database (CMS), full record set retrieved via the app's embedded Dash data layer. Bullock Texas State History Museum",TX
TX-0045,TINA THOMAS,Preservation Board,,2019,94044.0,,Exhibit Design and Fabrication,single_interactive,y,med,https://cms.lbb.texas.gov/Default.aspx?aid=809&cid=2019-22,"source: Texas LBB Contracts Database (CMS), full record set retrieved via the app's embedded Dash data layer. Bullock Texas State History Museum",TX
TX-0046,GRAMMY MUSEUM FOUNDATION INC,Preservation Board,,2016,140000.0,,Lease of Traveling Exhibition,other,n,med,https://cms.lbb.texas.gov/Default.aspx?aid=809&cid=2016-21,"source: Texas LBB Contracts Database (CMS), full record set retrieved via the app's embedded Dash data layer. Lease of a traveling exhibition, not a design/fabrication contract",TX
TX-0047,THE ROCK AND ROLL HALL OF FAME AND MUSEUM INC,Preservation Board,,2015,120000.0,,Exhibit Lease,other,n,med,https://cms.lbb.texas.gov/Default.aspx?aid=809&cid=2015-65,"source: Texas LBB Contracts Database (CMS), full record set retrieved via the app's embedded Dash data layer. Lease of a traveling exhibition, not a design/fabrication contract",TX
TX-0048,AMERICAN MUSEUM OF NATURAL HISTORY,Preservation Board,,2019,400000.0,,T-Rex Exhibition,other,n,med,https://cms.lbb.texas.gov/Default.aspx?aid=809&cid=2019-27,"source: Texas LBB Contracts Database (CMS), full record set retrieved via the app's embedded Dash data layer. Lease of a traveling exhibition, not a design/fabrication contract",TX
TX-0049,MINNESOTA HISTORICAL SOCIETY,Preservation Board,,2017,300000.0,,Exhibit Lease,other,n,med,https://cms.lbb.texas.gov/Default.aspx?aid=809&cid=2017-103,"source: Texas LBB Contracts Database (CMS), full record set retrieved via the app's embedded Dash data layer. Lease of a traveling exhibition, not a design/fabrication contract",TX
TX-0050,NOUVEAU CONSTRUCTION & TECHNOLOGY SERVICES LP,Texas Woman's University,,2019,428954.0,,Develop interactive media-based exhibits,multi_station,y,med,https://cms.lbb.texas.gov/Default.aspx?aid=731&cid=P64280,"source: Texas LBB Contracts Database (CMS), full record set retrieved via the app's embedded Dash data layer. Texas Woman's University, Old Main museum",TX
TX-0051,DIGITAL RESOURCES INC,Texas Woman's University,,2020,400737.0,,Electronics & Equipment for Old Main Exhibit,multi_station,unknown,med,https://cms.lbb.texas.gov/Default.aspx?aid=731&cid=P64819,"source: Texas LBB Contracts Database (CMS), full record set retrieved via the app's embedded Dash data layer. Texas Woman's University, Old Main museum; electronics/equipment supply",TX
TX-0052,TRIVIUM INTERACTIVE LLC,Texas Woman's University,,2025,58418.0,,Interactive data visualization design services,single_interactive,n,med,https://cms.lbb.texas.gov/Default.aspx?aid=731&cid=P84777,"source: Texas LBB Contracts Database (CMS), full record set retrieved via the app's embedded Dash data layer. Texas Woman's University; design services",TX
TX-0053,MUSEWORK LLC,The University of Texas at Austin,,2021,200000.0,,(DS) *ITB* Dark Skies Permanent Exhibit,single_interactive,y,med,https://cms.lbb.texas.gov/Default.aspx?aid=721&cid=2022C00318,"source: Texas LBB Contracts Database (CMS), full record set retrieved via the app's embedded Dash data layer. UT Austin permanent exhibit",TX
TX-0054,Exhibits Development Group LLC,Texas Tech University,,2024,130000.0,,Museum exhibition,multi_station,unknown,low,https://cms.lbb.texas.gov/Default.aspx?aid=733&cid=C22637,"source: Texas LBB Contracts Database (CMS), full record set retrieved via the app's embedded Dash data layer. Texas Tech University",TX
TX-0055,International Arts and Artists Inc,Texas Tech University,,2024,95000.0,,Assembled exhibition,other,n,low,https://cms.lbb.texas.gov/Default.aspx?aid=733&cid=C22413,"source: Texas LBB Contracts Database (CMS), full record set retrieved via the app's embedded Dash data layer. Traveling exhibition assembly/logistics, Texas Tech University",TX
TX-0056,The Elumenati,Angelo State University,,2023,81970.0,,Interactive GeoGlobe- Planetarium,single_interactive,y,med,https://cms.lbb.texas.gov/Default.aspx?aid=737&cid=P2303686,"source: Texas LBB Contracts Database (CMS), full record set retrieved via the app's embedded Dash data layer. Angelo State University planetarium dome projection system",TX
TX-0057,HAWKINS GROUP LLC,Angelo State University,,2020,119029.0,,AUDIOVISUAL DESIGN AND INSTALL FOR MAYER MUSEUM,multi_station,y,med,https://cms.lbb.texas.gov/Default.aspx?aid=737&cid=P2002770.,"source: Texas LBB Contracts Database (CMS), full record set retrieved via the app's embedded Dash data layer. Angelo State University, Mayer Museum AV integration",TX
TX-0058,MUSEUM ARTS INC,Department of Transportation,,2022,1000000.0,,REST AREA EXHIBIT DESIGN,multi_station,unknown,low,https://cms.lbb.texas.gov/Default.aspx?aid=601&cid=601000000000000000000000012871,"source: Texas LBB Contracts Database (CMS), full record set retrieved via the app's embedded Dash data layer. TxDOT rest-area exhibit program; one of two identical same-day awards, likely multi-vendor pool",TX
TX-0059,"Toxey McMillan Design Associates, LLC",Department of Transportation,,2022,1000000.0,,REST AREA EXHIBIT DESIGN,multi_station,unknown,low,https://cms.lbb.texas.gov/Default.aspx?aid=601&cid=601000000000000000000000012872,"source: Texas LBB Contracts Database (CMS), full record set retrieved via the app's embedded Dash data layer. TxDOT rest-area exhibit program",TX
TX-0060,"Toxey McMillan Design Associates, LLC",Department of Transportation,,2025,950000.0,,REST AREA EXHIBIT DESIGN,multi_station,unknown,low,https://cms.lbb.texas.gov/Default.aspx?aid=601&cid=601000000000000000000000015927,"source: Texas LBB Contracts Database (CMS), full record set retrieved via the app's embedded Dash data layer. TxDOT rest-area exhibit program",TX
TX-0061,Drew Patterson Studios,General Land Office and Veterans' Land Board,,2016,138000.0,,Moving Exhibit at the Alamo Complex,single_interactive,y,med,https://cms.lbb.texas.gov/Default.aspx?aid=305&cid=16-417-000-A047,"source: Texas LBB Contracts Database (CMS), full record set retrieved via the app's embedded Dash data layer. The Alamo Complex, General Land Office",TX
TX-0062,EXHIBIT CONCEPTS INC,Library & Archives Commission,,2016,500000.0,,"Exhibit Concepts, Inc.",multi_station,unknown,low,https://cms.lbb.texas.gov/Default.aspx?aid=306&cid=306-17-8013,"source: Texas LBB Contracts Database (CMS), full record set retrieved via the app's embedded Dash data layer. Texas State Library and Archives Commission; description not detailed beyond vendor name",TX
TX-0063,CITY OF WACO,Department of Public Safety,,2026,10000000.0,,Ranger Hall of Fame & Museum,building_wide,unknown,low,https://cms.lbb.texas.gov/Default.aspx?aid=405&cid=0000000000000000000005621,"source: Texas LBB Contracts Database (CMS), full record set retrieved via the app's embedded Dash data layer. Interagency funding agreement for museum; likely includes building/capital costs beyond exhibit scope",TX
WA-0001,"Formations, Inc","Parks and Recreation Commission, State (PARKS)",,2016,485000.0,,Exhibit Design Services,multi_station,n,med,https://data.wa.gov/d/3f3v-gugf,"Contract 517-112, effective 2016-04-14 to 2019-06-30, competitive. Design services only. source: WA Agency Contracts Fiscal Year 2018 (Socrata 3f3v-gugf)",WA
WA-0002,"CREO Industrial Arts, LLC","Parks and Recreation Commission, State (PARKS)",,2018,325000.0,,Interior exhibits for the interpretive facility at Mount Constitution (Moran Summit Learning Center Improvements),multi_station,y,high,https://data.wa.gov/d/3f3v-gugf,"Contract 719-190, competitive. source: WA Agency Contracts Fiscal Year 2018 (Socrata 3f3v-gugf)",WA
WA-0003,"CREO Industrial Arts, LLC","Parks and Recreation Commission, State (PARKS)",,2018,300000.0,,"Provide planning, design, development, fabrication and installation of interior and exterior exhibits about the Ice Age Floods at multiple State Parks",multi_station,y,high,https://data.wa.gov/d/3f3v-gugf,"Contract 719-175, competitive. source: WA Agency Contracts Fiscal Year 2018 (Socrata 3f3v-gugf)",WA
WA-0004,EDX Exhibits,"Parks and Recreation Commission, State (PARKS)",,2018,125000.0,,Convenience contract for exhibitry planning and design,other,n,med,https://data.wa.gov/d/3f3v-gugf,"Contract 719-184, competitive; design planning only. source: WA Agency Contracts Fiscal Year 2018 (Socrata 3f3v-gugf)",WA
WA-0005,Stage Nine,"Historical Society, Washington State (WSHS)",,2018,54153.0,,Toytopia Exhibit,single_interactive,y,med,https://data.wa.gov/d/3f3v-gugf,"Direct buy, non-competitive. Traveling exhibit build-out at Washington State History Museum. source: WA Agency Contracts Fiscal Year 2018 (Socrata 3f3v-gugf)",WA
WA-0006,AldrichPears Associates Ltd.,Washington State Historical Society,,2021,254000.0,,"Develop an exhibition design and produce construction/fabrication drawings for the approved design, as well as provide exhibition fabrication and installation oversight for a permanent exhibit in a gallery space of approximately 2,500 square feet, located in the Great Hall of Washington History, the prime exhibit space in the Washington State History Museum, Tacoma.",multi_station,y,high,https://data.wa.gov/d/pwse-3zea,"Contract 23-036, sole source. source: WA Agency Contracts Fiscal Year 2022 (Socrata pwse-3zea)",WA
WA-0007,Art Exhibition Services (Claire Johnson),"Historical Society, Washington State (WSHS)",,2017,8400.0,,Exhibit Install & De-Install,other,y,med,https://data.wa.gov/d/3f3v-gugf,"Direct buy, non-competitive; installation labor only. source: WA Agency Contracts Fiscal Year 2018 (Socrata 3f3v-gugf)",WA
